"Time","Node","Policy","Function","Binary","Arguments","Namespace","Pod","PID","ExecID","ParentExecID","KprobeArgs"
"2026-08-24T18:37:56.308404545Z","worker1","falco-ref-stdio-network-redirect","__x64_sys_dup3","/usr/bin/calico-node","-felix","kube-system","calico-node-rpfwh","724796","d29ya2VyMToyNDMxODE2MjM0NjcyNTY5OjcyNDc5Ng==","d29ya2VyMToyNTIzMDAwMDAwMDozMjM1","[{""error_arg"":{""Message"":""Bad address""},""label"":""oldfd""},{""int_arg"":0,""label"":""newfd""},{""int_arg"":0,""label"":""flags""}]"
"2026-08-24T18:37:56.308436335Z","worker1","falco-ref-stdio-network-redirect","__x64_sys_dup3","/usr/bin/calico-node","-felix","kube-system","calico-node-rpfwh","724796","d29ya2VyMToyNDMxODE2MjM0NjcyNTY5OjcyNDc5Ng==","d29ya2VyMToyNTIzMDAwMDAwMDozMjM1","[{""error_arg"":{""Message"":""Bad address""},""label"":""oldfd""},{""int_arg"":1,""label"":""newfd""},{""int_arg"":0,""label"":""flags""}]"
"2026-08-24T18:37:56.308441485Z","worker1","falco-ref-stdio-network-redirect","__x64_sys_dup3","/usr/bin/calico-node","-felix","kube-system","calico-node-rpfwh","724796","d29ya2VyMToyNDMxODE2MjM0NjcyNTY5OjcyNDc5Ng==","d29ya2VyMToyNTIzMDAwMDAwMDozMjM1","[{""error_arg"":{""Message"":""Bad address""},""label"":""oldfd""},{""int_arg"":2,""label"":""newfd""},{""int_arg"":0,""label"":""flags""}]"
"2026-08-24T18:37:56.315097211Z","worker1","falco-ref-stdio-network-redirect","__x64_sys_dup3","/usr/bin/calico-node","-felix","kube-system","calico-node-rpfwh","724797","d29ya2VyMToyNDMxODE2MjQxNDE0MDU1OjcyNDc5Nw==","d29ya2VyMToyNTIzMDAwMDAwMDozMjM1","[{""error_arg"":{""Message"":""Bad address""},""label"":""oldfd""},{""int_arg"":0,""label"":""newfd""},{""int_arg"":0,""label"":""flags""}]"
"2026-08-24T18:37:56.315127940Z","worker1","falco-ref-stdio-network-redirect","__x64_sys_dup3","/usr/bin/calico-node","-felix","kube-system","calico-node-rpfwh","724797","d29ya2VyMToyNDMxODE2MjQxNDE0MDU1OjcyNDc5Nw==","d29ya2VyMToyNTIzMDAwMDAwMDozMjM1","[{""error_arg"":{""Message"":""Bad address""},""label"":""oldfd""},{""int_arg"":1,""label"":""newfd""},{""int_arg"":0,""label"":""flags""}]"
"2026-08-24T18:37:56.315135380Z","worker1","falco-ref-stdio-network-redirect","__x64_sys_dup3","/usr/bin/calico-node","-felix","kube-system","calico-node-rpfwh","724797","d29ya2VyMToyNDMxODE2MjQxNDE0MDU1OjcyNDc5Nw==","d29ya2VyMToyNTIzMDAwMDAwMDozMjM1","[{""error_arg"":{""Message"":""Bad address""},""label"":""oldfd""},{""int_arg"":2,""label"":""newfd""},{""int_arg"":0,""label"":""flags""}]"
"2026-08-24T18:37:56.321093073Z","worker1","falco-ref-stdio-network-redirect","__x64_sys_dup3","/usr/bin/calico-node","-felix","kube-system","calico-node-rpfwh","724798","d29ya2VyMToyNDMxODE2MjQ3MzU0MjM4OjcyNDc5OA==","d29ya2VyMToyNTIzMDAwMDAwMDozMjM1","[{""error_arg"":{""Message"":""Bad address""},""label"":""oldfd""},{""int_arg"":0,""label"":""newfd""},{""int_arg"":0,""label"":""flags""}]"
"2026-08-24T18:37:56.321124794Z","worker1","falco-ref-stdio-network-redirect","__x64_sys_dup3","/usr/bin/calico-node","-felix","kube-system","calico-node-rpfwh","724798","d29ya2VyMToyNDMxODE2MjQ3MzU0MjM4OjcyNDc5OA==","d29ya2VyMToyNTIzMDAwMDAwMDozMjM1","[{""error_arg"":{""Message"":""Bad address""},""label"":""oldfd""},{""int_arg"":1,""label"":""newfd""},{""int_arg"":0,""label"":""flags""}]"
"2026-08-24T18:37:56.321130094Z","worker1","falco-ref-stdio-network-redirect","__x64_sys_dup3","/usr/bin/calico-node","-felix","kube-system","calico-node-rpfwh","724798","d29ya2VyMToyNDMxODE2MjQ3MzU0MjM4OjcyNDc5OA==","d29ya2VyMToyNTIzMDAwMDAwMDozMjM1","[{""error_arg"":{""Message"":""Bad address""},""label"":""oldfd""},{""int_arg"":2,""label"":""newfd""},{""int_arg"":0,""label"":""flags""}]"
"2026-08-24T18:37:56.327005166Z","worker1","falco-ref-stdio-network-redirect","__x64_sys_dup3","/usr/bin/calico-node","-felix","kube-system","calico-node-rpfwh","724799","d29ya2VyMToyNDMxODE2MjUzMzUzNzMxOjcyNDc5OQ==","d29ya2VyMToyNTIzMDAwMDAwMDozMjM1","[{""error_arg"":{""Message"":""Bad address""},""label"":""oldfd""},{""int_arg"":0,""label"":""newfd""},{""int_arg"":0,""label"":""flags""}]"
"2026-08-24T18:37:56.327042776Z","worker1","falco-ref-stdio-network-redirect","__x64_sys_dup3","/usr/bin/calico-node","-felix","kube-system","calico-node-rpfwh","724799","d29ya2VyMToyNDMxODE2MjUzMzUzNzMxOjcyNDc5OQ==","d29ya2VyMToyNTIzMDAwMDAwMDozMjM1","[{""error_arg"":{""Message"":""Bad address""},""label"":""oldfd""},{""int_arg"":1,""label"":""newfd""},{""int_arg"":0,""label"":""flags""}]"
"2026-08-24T18:37:56.327048116Z","worker1","falco-ref-stdio-network-redirect","__x64_sys_dup3","/usr/bin/calico-node","-felix","kube-system","calico-node-rpfwh","724799","d29ya2VyMToyNDMxODE2MjUzMzUzNzMxOjcyNDc5OQ==","d29ya2VyMToyNTIzMDAwMDAwMDozMjM1","[{""error_arg"":{""Message"":""Bad address""},""label"":""oldfd""},{""int_arg"":2,""label"":""newfd""},{""int_arg"":0,""label"":""flags""}]"
"2026-08-24T18:37:56.332771989Z","worker1","falco-ref-stdio-network-redirect","__x64_sys_dup3","/usr/bin/calico-node","-felix","kube-system","calico-node-rpfwh","724800","d29ya2VyMToyNDMxODE2MjU5MDg5MTM0OjcyNDgwMA==","d29ya2VyMToyNTIzMDAwMDAwMDozMjM1","[{""error_arg"":{""Message"":""Bad address""},""label"":""oldfd""},{""int_arg"":0,""label"":""newfd""},{""int_arg"":0,""label"":""flags""}]"
"2026-08-24T18:37:56.332793169Z","worker1","falco-ref-stdio-network-redirect","__x64_sys_dup3","/usr/bin/calico-node","-felix","kube-system","calico-node-rpfwh","724800","d29ya2VyMToyNDMxODE2MjU5MDg5MTM0OjcyNDgwMA==","d29ya2VyMToyNTIzMDAwMDAwMDozMjM1","[{""error_arg"":{""Message"":""Bad address""},""label"":""oldfd""},{""int_arg"":1,""label"":""newfd""},{""int_arg"":0,""label"":""flags""}]"
"2026-08-24T18:37:56.332798229Z","worker1","falco-ref-stdio-network-redirect","__x64_sys_dup3","/usr/bin/calico-node","-felix","kube-system","calico-node-rpfwh","724800","d29ya2VyMToyNDMxODE2MjU5MDg5MTM0OjcyNDgwMA==","d29ya2VyMToyNTIzMDAwMDAwMDozMjM1","[{""error_arg"":{""Message"":""Bad address""},""label"":""oldfd""},{""int_arg"":2,""label"":""newfd""},{""int_arg"":0,""label"":""flags""}]"
"2026-08-24T18:37:56.338594632Z","worker1","falco-ref-stdio-network-redirect","__x64_sys_dup3","/usr/bin/calico-node","-felix","kube-system","calico-node-rpfwh","724801","d29ya2VyMToyNDMxODE2MjY0OTEwOTM2OjcyNDgwMQ==","d29ya2VyMToyNTIzMDAwMDAwMDozMjM1","[{""error_arg"":{""Message"":""Bad address""},""label"":""oldfd""},{""int_arg"":0,""label"":""newfd""},{""int_arg"":0,""label"":""flags""}]"
"2026-08-24T18:37:56.338620242Z","worker1","falco-ref-stdio-network-redirect","__x64_sys_dup3","/usr/bin/calico-node","-felix","kube-system","calico-node-rpfwh","724801","d29ya2VyMToyNDMxODE2MjY0OTEwOTM2OjcyNDgwMQ==","d29ya2VyMToyNTIzMDAwMDAwMDozMjM1","[{""error_arg"":{""Message"":""Bad address""},""label"":""oldfd""},{""int_arg"":1,""label"":""newfd""},{""int_arg"":0,""label"":""flags""}]"
"2026-08-24T18:37:56.338626981Z","worker1","falco-ref-stdio-network-redirect","__x64_sys_dup3","/usr/bin/calico-node","-felix","kube-system","calico-node-rpfwh","724801","d29ya2VyMToyNDMxODE2MjY0OTEwOTM2OjcyNDgwMQ==","d29ya2VyMToyNTIzMDAwMDAwMDozMjM1","[{""error_arg"":{""Message"":""Bad address""},""label"":""oldfd""},{""int_arg"":2,""label"":""newfd""},{""int_arg"":0,""label"":""flags""}]"
"2026-08-24T18:37:56.344057392Z","worker1","falco-ref-stdio-network-redirect","__x64_sys_dup3","/usr/bin/calico-node","-felix","kube-system","calico-node-rpfwh","724802","d29ya2VyMToyNDMxODE2MjcwMzgyMDQ3OjcyNDgwMg==","d29ya2VyMToyNTIzMDAwMDAwMDozMjM1","[{""error_arg"":{""Message"":""Bad address""},""label"":""oldfd""},{""int_arg"":0,""label"":""newfd""},{""int_arg"":0,""label"":""flags""}]"
"2026-08-24T18:37:56.344079612Z","worker1","falco-ref-stdio-network-redirect","__x64_sys_dup3","/usr/bin/calico-node","-felix","kube-system","calico-node-rpfwh","724802","d29ya2VyMToyNDMxODE2MjcwMzgyMDQ3OjcyNDgwMg==","d29ya2VyMToyNTIzMDAwMDAwMDozMjM1","[{""error_arg"":{""Message"":""Bad address""},""label"":""oldfd""},{""int_arg"":1,""label"":""newfd""},{""int_arg"":0,""label"":""flags""}]"
"2026-08-24T18:37:56.344084572Z","worker1","falco-ref-stdio-network-redirect","__x64_sys_dup3","/usr/bin/calico-node","-felix","kube-system","calico-node-rpfwh","724802","d29ya2VyMToyNDMxODE2MjcwMzgyMDQ3OjcyNDgwMg==","d29ya2VyMToyNTIzMDAwMDAwMDozMjM1","[{""error_arg"":{""Message"":""Bad address""},""label"":""oldfd""},{""int_arg"":2,""label"":""newfd""},{""int_arg"":0,""label"":""flags""}]"
"2026-08-24T18:37:56.350671938Z","worker1","falco-ref-stdio-network-redirect","__x64_sys_dup3","/usr/bin/calico-node","-felix","kube-system","calico-node-rpfwh","724803","d29ya2VyMToyNDMxODE2Mjc2OTUxOTQyOjcyNDgwMw==","d29ya2VyMToyNTIzMDAwMDAwMDozMjM1","[{""error_arg"":{""Message"":""Bad address""},""label"":""oldfd""},{""int_arg"":0,""label"":""newfd""},{""int_arg"":0,""label"":""flags""}]"
"2026-08-24T18:37:56.350704959Z","worker1","falco-ref-stdio-network-redirect","__x64_sys_dup3","/usr/bin/calico-node","-felix","kube-system","calico-node-rpfwh","724803","d29ya2VyMToyNDMxODE2Mjc2OTUxOTQyOjcyNDgwMw==","d29ya2VyMToyNTIzMDAwMDAwMDozMjM1","[{""error_arg"":{""Message"":""Bad address""},""label"":""oldfd""},{""int_arg"":1,""label"":""newfd""},{""int_arg"":0,""label"":""flags""}]"
"2026-08-24T18:37:56.350710489Z","worker1","falco-ref-stdio-network-redirect","__x64_sys_dup3","/usr/bin/calico-node","-felix","kube-system","calico-node-rpfwh","724803","d29ya2VyMToyNDMxODE2Mjc2OTUxOTQyOjcyNDgwMw==","d29ya2VyMToyNTIzMDAwMDAwMDozMjM1","[{""error_arg"":{""Message"":""Bad address""},""label"":""oldfd""},{""int_arg"":2,""label"":""newfd""},{""int_arg"":0,""label"":""flags""}]"
"2026-08-24T18:38:06.806146199Z","worker1","falco-ref-stdio-network-redirect","__x64_sys_dup3","/usr/bin/calico-node","-felix","kube-system","calico-node-rpfwh","724859","d29ya2VyMToyNDMxODI2NzMyNDI0NTY0OjcyNDg1OQ==","d29ya2VyMToyNTIzMDAwMDAwMDozMjM1","[{""error_arg"":{""Message"":""Bad address""},""label"":""oldfd""},{""int_arg"":0,""label"":""newfd""},{""int_arg"":0,""label"":""flags""}]"
"2026-08-24T18:38:06.806195579Z","worker1","falco-ref-stdio-network-redirect","__x64_sys_dup3","/usr/bin/calico-node","-felix","kube-system","calico-node-rpfwh","724859","d29ya2VyMToyNDMxODI2NzMyNDI0NTY0OjcyNDg1OQ==","d29ya2VyMToyNTIzMDAwMDAwMDozMjM1","[{""error_arg"":{""Message"":""Bad address""},""label"":""oldfd""},{""int_arg"":1,""label"":""newfd""},{""int_arg"":0,""label"":""flags""}]"
"2026-08-24T18:38:06.806200960Z","worker1","falco-ref-stdio-network-redirect","__x64_sys_dup3","/usr/bin/calico-node","-felix","kube-system","calico-node-rpfwh","724859","d29ya2VyMToyNDMxODI2NzMyNDI0NTY0OjcyNDg1OQ==","d29ya2VyMToyNTIzMDAwMDAwMDozMjM1","[{""error_arg"":{""Message"":""Bad address""},""label"":""oldfd""},{""int_arg"":2,""label"":""newfd""},{""int_arg"":0,""label"":""flags""}]"
"2026-08-24T18:38:06.812110192Z","worker1","falco-ref-stdio-network-redirect","__x64_sys_dup3","/usr/bin/calico-node","-felix","kube-system","calico-node-rpfwh","724860","d29ya2VyMToyNDMxODI2NzM4Mzc1NDg3OjcyNDg2MA==","d29ya2VyMToyNTIzMDAwMDAwMDozMjM1","[{""error_arg"":{""Message"":""Bad address""},""label"":""oldfd""},{""int_arg"":0,""label"":""newfd""},{""int_arg"":0,""label"":""flags""}]"
"2026-08-24T18:38:06.812134053Z","worker1","falco-ref-stdio-network-redirect","__x64_sys_dup3","/usr/bin/calico-node","-felix","kube-system","calico-node-rpfwh","724860","d29ya2VyMToyNDMxODI2NzM4Mzc1NDg3OjcyNDg2MA==","d29ya2VyMToyNTIzMDAwMDAwMDozMjM1","[{""error_arg"":{""Message"":""Bad address""},""label"":""oldfd""},{""int_arg"":1,""label"":""newfd""},{""int_arg"":0,""label"":""flags""}]"
"2026-08-24T18:38:06.812139043Z","worker1","falco-ref-stdio-network-redirect","__x64_sys_dup3","/usr/bin/calico-node","-felix","kube-system","calico-node-rpfwh","724860","d29ya2VyMToyNDMxODI2NzM4Mzc1NDg3OjcyNDg2MA==","d29ya2VyMToyNTIzMDAwMDAwMDozMjM1","[{""error_arg"":{""Message"":""Bad address""},""label"":""oldfd""},{""int_arg"":2,""label"":""newfd""},{""int_arg"":0,""label"":""flags""}]"
"2026-08-24T18:38:08.728368423Z","worker1","falco-ref-sensitive-read-untrusted","security_file_permission","/usr/lib/openssh/sshd-session","-D -R -N 2",,,"724861","d29ya2VyMToyNDMxODI4Mzc0OTgyMjM0OjcyNDg2MQ==","d29ya2VyMTo2NTg4MDQzODAwMDAwMDA6MzYxOTM1Ng==","[{""file_arg"":{""path"":""/etc/pam.d/sshd"",""permission"":""-rw-r--r--""},""label"":""file""},{""int_arg"":4,""label"":""mask""}]"
"2026-08-24T18:38:08.728436393Z","worker1","falco-ref-sensitive-read-untrusted","security_file_permission","/usr/lib/openssh/sshd-session","-D -R -N 2",,,"724861","d29ya2VyMToyNDMxODI4Mzc0OTgyMjM0OjcyNDg2MQ==","d29ya2VyMTo2NTg4MDQzODAwMDAwMDA6MzYxOTM1Ng==","[{""file_arg"":{""path"":""/etc/pam.d/common-auth"",""permission"":""-rw-r--r--""},""label"":""file""},{""int_arg"":4,""label"":""mask""}]"
"2026-08-24T18:38:08.729511877Z","worker1","falco-ref-sensitive-read-untrusted","security_file_permission","/usr/lib/openssh/sshd-session","-D -R -N 2",,,"724861","d29ya2VyMToyNDMxODI4Mzc0OTgyMjM0OjcyNDg2MQ==","d29ya2VyMTo2NTg4MDQzODAwMDAwMDA6MzYxOTM1Ng==","[{""file_arg"":{""path"":""/etc/pam.d/common-auth"",""permission"":""-rw-r--r--""},""label"":""file""},{""int_arg"":4,""label"":""mask""}]"
"2026-08-24T18:38:08.729756618Z","worker1","falco-ref-sensitive-read-untrusted","security_file_permission","/usr/lib/openssh/sshd-session","-D -R -N 2",,,"724861","d29ya2VyMToyNDMxODI4Mzc0OTgyMjM0OjcyNDg2MQ==","d29ya2VyMTo2NTg4MDQzODAwMDAwMDA6MzYxOTM1Ng==","[{""file_arg"":{""path"":""/etc/pam.d/common-account"",""permission"":""-rw-r--r--""},""label"":""file""},{""int_arg"":4,""label"":""mask""}]"
"2026-08-24T18:38:08.729793658Z","worker1","falco-ref-sensitive-read-untrusted","security_file_permission","/usr/lib/openssh/sshd-session","-D -R -N 2",,,"724861","d29ya2VyMToyNDMxODI4Mzc0OTgyMjM0OjcyNDg2MQ==","d29ya2VyMTo2NTg4MDQzODAwMDAwMDA6MzYxOTM1Ng==","[{""file_arg"":{""path"":""/etc/pam.d/common-account"",""permission"":""-rw-r--r--""},""label"":""file""},{""int_arg"":4,""label"":""mask""}]"
"2026-08-24T18:38:08.730270470Z","worker1","falco-ref-sensitive-read-untrusted","security_file_permission","/usr/lib/openssh/sshd-session","-D -R -N 2",,,"724861","d29ya2VyMToyNDMxODI4Mzc0OTgyMjM0OjcyNDg2MQ==","d29ya2VyMTo2NTg4MDQzODAwMDAwMDA6MzYxOTM1Ng==","[{""file_arg"":{""path"":""/etc/pam.d/common-session"",""permission"":""-rw-r--r--""},""label"":""file""},{""int_arg"":4,""label"":""mask""}]"
"2026-08-24T18:38:08.731167603Z","worker1","falco-ref-sensitive-read-untrusted","security_file_permission","/usr/lib/openssh/sshd-session","-D -R -N 2",,,"724861","d29ya2VyMToyNDMxODI4Mzc0OTgyMjM0OjcyNDg2MQ==","d29ya2VyMTo2NTg4MDQzODAwMDAwMDA6MzYxOTM1Ng==","[{""file_arg"":{""path"":""/etc/pam.d/common-session"",""permission"":""-rw-r--r--""},""label"":""file""},{""int_arg"":4,""label"":""mask""}]"
"2026-08-24T18:38:08.732454768Z","worker1","falco-ref-sensitive-read-untrusted","security_file_permission","/usr/lib/openssh/sshd-session","-D -R -N 2",,,"724861","d29ya2VyMToyNDMxODI4Mzc0OTgyMjM0OjcyNDg2MQ==","d29ya2VyMTo2NTg4MDQzODAwMDAwMDA6MzYxOTM1Ng==","[{""file_arg"":{""path"":""/etc/pam.d/common-password"",""permission"":""-rw-r--r--""},""label"":""file""},{""int_arg"":4,""label"":""mask""}]"
"2026-08-24T18:38:08.732496928Z","worker1","falco-ref-sensitive-read-untrusted","security_file_permission","/usr/lib/openssh/sshd-session","-D -R -N 2",,,"724861","d29ya2VyMToyNDMxODI4Mzc0OTgyMjM0OjcyNDg2MQ==","d29ya2VyMTo2NTg4MDQzODAwMDAwMDA6MzYxOTM1Ng==","[{""file_arg"":{""path"":""/etc/pam.d/common-password"",""permission"":""-rw-r--r--""},""label"":""file""},{""int_arg"":4,""label"":""mask""}]"
"2026-08-24T18:38:08.732512158Z","worker1","falco-ref-sensitive-read-untrusted","security_file_permission","/usr/lib/openssh/sshd-session","-D -R -N 2",,,"724861","d29ya2VyMToyNDMxODI4Mzc0OTgyMjM0OjcyNDg2MQ==","d29ya2VyMTo2NTg4MDQzODAwMDAwMDA6MzYxOTM1Ng==","[{""file_arg"":{""path"":""/etc/pam.d/sshd"",""permission"":""-rw-r--r--""},""label"":""file""},{""int_arg"":4,""label"":""mask""}]"
"2026-08-24T18:38:08.732542989Z","worker1","falco-ref-sensitive-read-untrusted","security_file_permission","/usr/lib/openssh/sshd-session","-D -R -N 2",,,"724861","d29ya2VyMToyNDMxODI4Mzc0OTgyMjM0OjcyNDg2MQ==","d29ya2VyMTo2NTg4MDQzODAwMDAwMDA6MzYxOTM1Ng==","[{""file_arg"":{""path"":""/etc/pam.d/other"",""permission"":""-rw-r--r--""},""label"":""file""},{""int_arg"":4,""label"":""mask""}]"
"2026-08-24T18:38:08.732624759Z","worker1","falco-ref-sensitive-read-untrusted","security_file_permission","/usr/lib/openssh/sshd-session","-D -R -N 2",,,"724861","d29ya2VyMToyNDMxODI4Mzc0OTgyMjM0OjcyNDg2MQ==","d29ya2VyMTo2NTg4MDQzODAwMDAwMDA6MzYxOTM1Ng==","[{""file_arg"":{""path"":""/etc/pam.d/common-auth"",""permission"":""-rw-r--r--""},""label"":""file""},{""int_arg"":4,""label"":""mask""}]"
"2026-08-24T18:38:08.732694909Z","worker1","falco-ref-sensitive-read-untrusted","security_file_permission","/usr/lib/openssh/sshd-session","-D -R -N 2",,,"724861","d29ya2VyMToyNDMxODI4Mzc0OTgyMjM0OjcyNDg2MQ==","d29ya2VyMTo2NTg4MDQzODAwMDAwMDA6MzYxOTM1Ng==","[{""file_arg"":{""path"":""/etc/pam.d/common-auth"",""permission"":""-rw-r--r--""},""label"":""file""},{""int_arg"":4,""label"":""mask""}]"
"2026-08-24T18:38:08.732745439Z","worker1","falco-ref-sensitive-read-untrusted","security_file_permission","/usr/lib/openssh/sshd-session","-D -R -N 2",,,"724861","d29ya2VyMToyNDMxODI4Mzc0OTgyMjM0OjcyNDg2MQ==","d29ya2VyMTo2NTg4MDQzODAwMDAwMDA6MzYxOTM1Ng==","[{""file_arg"":{""path"":""/etc/pam.d/common-account"",""permission"":""-rw-r--r--""},""label"":""file""},{""int_arg"":4,""label"":""mask""}]"
"2026-08-24T18:38:08.732777309Z","worker1","falco-ref-sensitive-read-untrusted","security_file_permission","/usr/lib/openssh/sshd-session","-D -R -N 2",,,"724861","d29ya2VyMToyNDMxODI4Mzc0OTgyMjM0OjcyNDg2MQ==","d29ya2VyMTo2NTg4MDQzODAwMDAwMDA6MzYxOTM1Ng==","[{""file_arg"":{""path"":""/etc/pam.d/common-account"",""permission"":""-rw-r--r--""},""label"":""file""},{""int_arg"":4,""label"":""mask""}]"
"2026-08-24T18:38:08.732807040Z","worker1","falco-ref-sensitive-read-untrusted","security_file_permission","/usr/lib/openssh/sshd-session","-D -R -N 2",,,"724861","d29ya2VyMToyNDMxODI4Mzc0OTgyMjM0OjcyNDg2MQ==","d29ya2VyMTo2NTg4MDQzODAwMDAwMDA6MzYxOTM1Ng==","[{""file_arg"":{""path"":""/etc/pam.d/common-password"",""permission"":""-rw-r--r--""},""label"":""file""},{""int_arg"":4,""label"":""mask""}]"
"2026-08-24T18:38:08.732824900Z","worker1","falco-ref-sensitive-read-untrusted","security_file_permission","/usr/lib/openssh/sshd-session","-D -R -N 2",,,"724861","d29ya2VyMToyNDMxODI4Mzc0OTgyMjM0OjcyNDg2MQ==","d29ya2VyMTo2NTg4MDQzODAwMDAwMDA6MzYxOTM1Ng==","[{""file_arg"":{""path"":""/etc/pam.d/common-password"",""permission"":""-rw-r--r--""},""label"":""file""},{""int_arg"":4,""label"":""mask""}]"
"2026-08-24T18:38:08.732870620Z","worker1","falco-ref-sensitive-read-untrusted","security_file_permission","/usr/lib/openssh/sshd-session","-D -R -N 2",,,"724861","d29ya2VyMToyNDMxODI4Mzc0OTgyMjM0OjcyNDg2MQ==","d29ya2VyMTo2NTg4MDQzODAwMDAwMDA6MzYxOTM1Ng==","[{""file_arg"":{""path"":""/etc/pam.d/common-session"",""permission"":""-rw-r--r--""},""label"":""file""},{""int_arg"":4,""label"":""mask""}]"
"2026-08-24T18:38:08.732900589Z","worker1","falco-ref-sensitive-read-untrusted","security_file_permission","/usr/lib/openssh/sshd-session","-D -R -N 2",,,"724861","d29ya2VyMToyNDMxODI4Mzc0OTgyMjM0OjcyNDg2MQ==","d29ya2VyMTo2NTg4MDQzODAwMDAwMDA6MzYxOTM1Ng==","[{""file_arg"":{""path"":""/etc/pam.d/common-session"",""permission"":""-rw-r--r--""},""label"":""file""},{""int_arg"":4,""label"":""mask""}]"
"2026-08-24T18:38:08.732923580Z","worker1","falco-ref-sensitive-read-untrusted","security_file_permission","/usr/lib/openssh/sshd-session","-D -R -N 2",,,"724861","d29ya2VyMToyNDMxODI4Mzc0OTgyMjM0OjcyNDg2MQ==","d29ya2VyMTo2NTg4MDQzODAwMDAwMDA6MzYxOTM1Ng==","[{""file_arg"":{""path"":""/etc/pam.d/other"",""permission"":""-rw-r--r--""},""label"":""file""},{""int_arg"":4,""label"":""mask""}]"
"2026-08-24T18:38:11.073356392Z","worker1","falco-ref-sensitive-read-untrusted","security_file_permission","/usr/lib/openssh/sshd-session","-D -R -N 2",,,"724888","d29ya2VyMToyNDMxODI5OTM4NjYyMzg4OjcyNDg4OA==","d29ya2VyMTo2NTg4MDQzODAwMDAwMDA6MzYxOTM1Ng==","[{""file_arg"":{""path"":""/etc/pam.d/sshd"",""permission"":""-rw-r--r--""},""label"":""file""},{""int_arg"":4,""label"":""mask""}]"
"2026-08-24T18:38:11.073425642Z","worker1","falco-ref-sensitive-read-untrusted","security_file_permission","/usr/lib/openssh/sshd-session","-D -R -N 2",,,"724888","d29ya2VyMToyNDMxODI5OTM4NjYyMzg4OjcyNDg4OA==","d29ya2VyMTo2NTg4MDQzODAwMDAwMDA6MzYxOTM1Ng==","[{""file_arg"":{""path"":""/etc/pam.d/common-auth"",""permission"":""-rw-r--r--""},""label"":""file""},{""int_arg"":4,""label"":""mask""}]"
"2026-08-24T18:38:11.074664317Z","worker1","falco-ref-sensitive-read-untrusted","security_file_permission","/usr/lib/openssh/sshd-session","-D -R -N 2",,,"724888","d29ya2VyMToyNDMxODI5OTM4NjYyMzg4OjcyNDg4OA==","d29ya2VyMTo2NTg4MDQzODAwMDAwMDA6MzYxOTM1Ng==","[{""file_arg"":{""path"":""/etc/pam.d/common-auth"",""permission"":""-rw-r--r--""},""label"":""file""},{""int_arg"":4,""label"":""mask""}]"
"2026-08-24T18:38:11.074975228Z","worker1","falco-ref-sensitive-read-untrusted","security_file_permission","/usr/lib/openssh/sshd-session","-D -R -N 2",,,"724888","d29ya2VyMToyNDMxODI5OTM4NjYyMzg4OjcyNDg4OA==","d29ya2VyMTo2NTg4MDQzODAwMDAwMDA6MzYxOTM1Ng==","[{""file_arg"":{""path"":""/etc/pam.d/common-account"",""permission"":""-rw-r--r--""},""label"":""file""},{""int_arg"":4,""label"":""mask""}]"
"2026-08-24T18:38:11.075016458Z","worker1","falco-ref-sensitive-read-untrusted","security_file_permission","/usr/lib/openssh/sshd-session","-D -R -N 2",,,"724888","d29ya2VyMToyNDMxODI5OTM4NjYyMzg4OjcyNDg4OA==","d29ya2VyMTo2NTg4MDQzODAwMDAwMDA6MzYxOTM1Ng==","[{""file_arg"":{""path"":""/etc/pam.d/common-account"",""permission"":""-rw-r--r--""},""label"":""file""},{""int_arg"":4,""label"":""mask""}]"
"2026-08-24T18:38:11.075527980Z","worker1","falco-ref-sensitive-read-untrusted","security_file_permission","/usr/lib/openssh/sshd-session","-D -R -N 2",,,"724888","d29ya2VyMToyNDMxODI5OTM4NjYyMzg4OjcyNDg4OA==","d29ya2VyMTo2NTg4MDQzODAwMDAwMDA6MzYxOTM1Ng==","[{""file_arg"":{""path"":""/etc/pam.d/common-session"",""permission"":""-rw-r--r--""},""label"":""file""},{""int_arg"":4,""label"":""mask""}]"
"2026-08-24T18:38:11.076598144Z","worker1","falco-ref-sensitive-read-untrusted","security_file_permission","/usr/lib/openssh/sshd-session","-D -R -N 2",,,"724888","d29ya2VyMToyNDMxODI5OTM4NjYyMzg4OjcyNDg4OA==","d29ya2VyMTo2NTg4MDQzODAwMDAwMDA6MzYxOTM1Ng==","[{""file_arg"":{""path"":""/etc/pam.d/common-session"",""permission"":""-rw-r--r--""},""label"":""file""},{""int_arg"":4,""label"":""mask""}]"
"2026-08-24T18:38:11.077836019Z","worker1","falco-ref-sensitive-read-untrusted","security_file_permission","/usr/lib/openssh/sshd-session","-D -R -N 2",,,"724888","d29ya2VyMToyNDMxODI5OTM4NjYyMzg4OjcyNDg4OA==","d29ya2VyMTo2NTg4MDQzODAwMDAwMDA6MzYxOTM1Ng==","[{""file_arg"":{""path"":""/etc/pam.d/common-password"",""permission"":""-rw-r--r--""},""label"":""file""},{""int_arg"":4,""label"":""mask""}]"
"2026-08-24T18:38:11.077878260Z","worker1","falco-ref-sensitive-read-untrusted","security_file_permission","/usr/lib/openssh/sshd-session","-D -R -N 2",,,"724888","d29ya2VyMToyNDMxODI5OTM4NjYyMzg4OjcyNDg4OA==","d29ya2VyMTo2NTg4MDQzODAwMDAwMDA6MzYxOTM1Ng==","[{""file_arg"":{""path"":""/etc/pam.d/common-password"",""permission"":""-rw-r--r--""},""label"":""file""},{""int_arg"":4,""label"":""mask""}]"
"2026-08-24T18:38:11.077893040Z","worker1","falco-ref-sensitive-read-untrusted","security_file_permission","/usr/lib/openssh/sshd-session","-D -R -N 2",,,"724888","d29ya2VyMToyNDMxODI5OTM4NjYyMzg4OjcyNDg4OA==","d29ya2VyMTo2NTg4MDQzODAwMDAwMDA6MzYxOTM1Ng==","[{""file_arg"":{""path"":""/etc/pam.d/sshd"",""permission"":""-rw-r--r--""},""label"":""file""},{""int_arg"":4,""label"":""mask""}]"
"2026-08-24T18:38:11.077923869Z","worker1","falco-ref-sensitive-read-untrusted","security_file_permission","/usr/lib/openssh/sshd-session","-D -R -N 2",,,"724888","d29ya2VyMToyNDMxODI5OTM4NjYyMzg4OjcyNDg4OA==","d29ya2VyMTo2NTg4MDQzODAwMDAwMDA6MzYxOTM1Ng==","[{""file_arg"":{""path"":""/etc/pam.d/other"",""permission"":""-rw-r--r--""},""label"":""file""},{""int_arg"":4,""label"":""mask""}]"
"2026-08-24T18:38:11.077973549Z","worker1","falco-ref-sensitive-read-untrusted","security_file_permission","/usr/lib/openssh/sshd-session","-D -R -N 2",,,"724888","d29ya2VyMToyNDMxODI5OTM4NjYyMzg4OjcyNDg4OA==","d29ya2VyMTo2NTg4MDQzODAwMDAwMDA6MzYxOTM1Ng==","[{""file_arg"":{""path"":""/etc/pam.d/common-auth"",""permission"":""-rw-r--r--""},""label"":""file""},{""int_arg"":4,""label"":""mask""}]"
"2026-08-24T18:38:11.078103160Z","worker1","falco-ref-sensitive-read-untrusted","security_file_permission","/usr/lib/openssh/sshd-session","-D -R -N 2",,,"724888","d29ya2VyMToyNDMxODI5OTM4NjYyMzg4OjcyNDg4OA==","d29ya2VyMTo2NTg4MDQzODAwMDAwMDA6MzYxOTM1Ng==","[{""file_arg"":{""path"":""/etc/pam.d/common-auth"",""permission"":""-rw-r--r--""},""label"":""file""},{""int_arg"":4,""label"":""mask""}]"
"2026-08-24T18:38:11.078193730Z","worker1","falco-ref-sensitive-read-untrusted","security_file_permission","/usr/lib/openssh/sshd-session","-D -R -N 2",,,"724888","d29ya2VyMToyNDMxODI5OTM4NjYyMzg4OjcyNDg4OA==","d29ya2VyMTo2NTg4MDQzODAwMDAwMDA6MzYxOTM1Ng==","[{""file_arg"":{""path"":""/etc/pam.d/common-account"",""permission"":""-rw-r--r--""},""label"":""file""},{""int_arg"":4,""label"":""mask""}]"
"2026-08-24T18:38:11.078243951Z","worker1","falco-ref-sensitive-read-untrusted","security_file_permission","/usr/lib/openssh/sshd-session","-D -R -N 2",,,"724888","d29ya2VyMToyNDMxODI5OTM4NjYyMzg4OjcyNDg4OA==","d29ya2VyMTo2NTg4MDQzODAwMDAwMDA6MzYxOTM1Ng==","[{""file_arg"":{""path"":""/etc/pam.d/common-account"",""permission"":""-rw-r--r--""},""label"":""file""},{""int_arg"":4,""label"":""mask""}]"
"2026-08-24T18:38:11.078300951Z","worker1","falco-ref-sensitive-read-untrusted","security_file_permission","/usr/lib/openssh/sshd-session","-D -R -N 2",,,"724888","d29ya2VyMToyNDMxODI5OTM4NjYyMzg4OjcyNDg4OA==","d29ya2VyMTo2NTg4MDQzODAwMDAwMDA6MzYxOTM1Ng==","[{""file_arg"":{""path"":""/etc/pam.d/common-password"",""permission"":""-rw-r--r--""},""label"":""file""},{""int_arg"":4,""label"":""mask""}]"
"2026-08-24T18:38:11.078345860Z","worker1","falco-ref-sensitive-read-untrusted","security_file_permission","/usr/lib/openssh/sshd-session","-D -R -N 2",,,"724888","d29ya2VyMToyNDMxODI5OTM4NjYyMzg4OjcyNDg4OA==","d29ya2VyMTo2NTg4MDQzODAwMDAwMDA6MzYxOTM1Ng==","[{""file_arg"":{""path"":""/etc/pam.d/common-password"",""permission"":""-rw-r--r--""},""label"":""file""},{""int_arg"":4,""label"":""mask""}]"
"2026-08-24T18:38:11.078400362Z","worker1","falco-ref-sensitive-read-untrusted","security_file_permission","/usr/lib/openssh/sshd-session","-D -R -N 2",,,"724888","d29ya2VyMToyNDMxODI5OTM4NjYyMzg4OjcyNDg4OA==","d29ya2VyMTo2NTg4MDQzODAwMDAwMDA6MzYxOTM1Ng==","[{""file_arg"":{""path"":""/etc/pam.d/common-session"",""permission"":""-rw-r--r--""},""label"":""file""},{""int_arg"":4,""label"":""mask""}]"
"2026-08-24T18:38:11.078457761Z","worker1","falco-ref-sensitive-read-untrusted","security_file_permission","/usr/lib/openssh/sshd-session","-D -R -N 2",,,"724888","d29ya2VyMToyNDMxODI5OTM4NjYyMzg4OjcyNDg4OA==","d29ya2VyMTo2NTg4MDQzODAwMDAwMDA6MzYxOTM1Ng==","[{""file_arg"":{""path"":""/etc/pam.d/common-session"",""permission"":""-rw-r--r--""},""label"":""file""},{""int_arg"":4,""label"":""mask""}]"
"2026-08-24T18:38:11.078535662Z","worker1","falco-ref-sensitive-read-untrusted","security_file_permission","/usr/lib/openssh/sshd-session","-D -R -N 2",,,"724888","d29ya2VyMToyNDMxODI5OTM4NjYyMzg4OjcyNDg4OA==","d29ya2VyMTo2NTg4MDQzODAwMDAwMDA6MzYxOTM1Ng==","[{""file_arg"":{""path"":""/etc/pam.d/other"",""permission"":""-rw-r--r--""},""label"":""file""},{""int_arg"":4,""label"":""mask""}]"
"2026-08-24T18:38:11.726951492Z","worker1","falco-ref-stdio-network-redirect","__x64_sys_dup3","/usr/bin/calico-node","-felix","kube-system","calico-node-rpfwh","724915","d29ya2VyMToyNDMxODMxNjUzMjkxNzA2OjcyNDkxNQ==","d29ya2VyMToyNTIzMDAwMDAwMDozMjM1","[{""error_arg"":{""Message"":""Bad address""},""label"":""oldfd""},{""int_arg"":0,""label"":""newfd""},{""int_arg"":0,""label"":""flags""}]"
"2026-08-24T18:38:11.726960532Z","worker1","falco-ref-stdio-network-redirect","__x64_sys_dup3","/usr/bin/calico-node","-felix","kube-system","calico-node-rpfwh","724915","d29ya2VyMToyNDMxODMxNjUzMjkxNzA2OjcyNDkxNQ==","d29ya2VyMToyNTIzMDAwMDAwMDozMjM1","[{""error_arg"":{""Message"":""Bad address""},""label"":""oldfd""},{""int_arg"":1,""label"":""newfd""},{""int_arg"":0,""label"":""flags""}]"
"2026-08-24T18:38:11.726966242Z","worker1","falco-ref-stdio-network-redirect","__x64_sys_dup3","/usr/bin/calico-node","-felix","kube-system","calico-node-rpfwh","724915","d29ya2VyMToyNDMxODMxNjUzMjkxNzA2OjcyNDkxNQ==","d29ya2VyMToyNTIzMDAwMDAwMDozMjM1","[{""error_arg"":{""Message"":""Bad address""},""label"":""oldfd""},{""int_arg"":2,""label"":""newfd""},{""int_arg"":0,""label"":""flags""}]"
"2026-08-24T18:38:11.736254448Z","worker1","falco-ref-stdio-network-redirect","__x64_sys_dup3","/usr/bin/calico-node","-felix","kube-system","calico-node-rpfwh","724916","d29ya2VyMToyNDMxODMxNjYyNTg5MTMzOjcyNDkxNg==","d29ya2VyMToyNTIzMDAwMDAwMDozMjM1","[{""error_arg"":{""Message"":""Bad address""},""label"":""oldfd""},{""int_arg"":0,""label"":""newfd""},{""int_arg"":0,""label"":""flags""}]"
"2026-08-24T18:38:11.736280658Z","worker1","falco-ref-stdio-network-redirect","__x64_sys_dup3","/usr/bin/calico-node","-felix","kube-system","calico-node-rpfwh","724916","d29ya2VyMToyNDMxODMxNjYyNTg5MTMzOjcyNDkxNg==","d29ya2VyMToyNTIzMDAwMDAwMDozMjM1","[{""error_arg"":{""Message"":""Bad address""},""label"":""oldfd""},{""int_arg"":1,""label"":""newfd""},{""int_arg"":0,""label"":""flags""}]"
"2026-08-24T18:38:11.736286448Z","worker1","falco-ref-stdio-network-redirect","__x64_sys_dup3","/usr/bin/calico-node","-felix","kube-system","calico-node-rpfwh","724916","d29ya2VyMToyNDMxODMxNjYyNTg5MTMzOjcyNDkxNg==","d29ya2VyMToyNTIzMDAwMDAwMDozMjM1","[{""error_arg"":{""Message"":""Bad address""},""label"":""oldfd""},{""int_arg"":2,""label"":""newfd""},{""int_arg"":0,""label"":""flags""}]"
"2026-08-24T18:38:11.744124969Z","worker1","falco-ref-stdio-network-redirect","__x64_sys_dup2","/usr/lib/systemd/systemd-udevd",,,,"724919","d29ya2VyMToyNDMxODMxNjcwMjExODIyOjcyNDkxOQ==","d29ya2VyMToyNDMxODMxNjY3MTE3ODQwOjcyNDkxOA==","[{""error_arg"":{""Message"":""Bad address""},""label"":""oldfd""},{""int_arg"":0,""label"":""newfd""}]"
"2026-08-24T18:38:11.744152429Z","worker1","falco-ref-stdio-network-redirect","__x64_sys_dup2","/usr/lib/systemd/systemd-udevd",,,,"724919","d29ya2VyMToyNDMxODMxNjcwMjExODIyOjcyNDkxOQ==","d29ya2VyMToyNDMxODMxNjY3MTE3ODQwOjcyNDkxOA==","[{""error_arg"":{""Message"":""Bad address""},""label"":""oldfd""},{""int_arg"":1,""label"":""newfd""}]"
"2026-08-24T18:38:11.744167658Z","worker1","falco-ref-stdio-network-redirect","__x64_sys_dup2","/usr/lib/systemd/systemd-udevd",,,,"724919","d29ya2VyMToyNDMxODMxNjcwMjExODIyOjcyNDkxOQ==","d29ya2VyMToyNDMxODMxNjY3MTE3ODQwOjcyNDkxOA==","[{""error_arg"":{""Message"":""Bad address""},""label"":""oldfd""},{""int_arg"":2,""label"":""newfd""}]"
"2026-08-24T18:38:11.746982250Z","worker1","falco-ref-stdio-network-redirect","__x64_sys_dup2","/usr/lib/systemd/systemd-udevd",,,,"724924","d29ya2VyMToyNDMxODMxNjcyNTU1NzEyOjcyNDkyNA==","d29ya2VyMToyNDMxODMxNjY3MTE3ODQwOjcyNDkxOA==","[{""error_arg"":{""Message"":""Bad address""},""label"":""oldfd""},{""int_arg"":0,""label"":""newfd""}]"
"2026-08-24T18:38:11.747019090Z","worker1","falco-ref-stdio-network-redirect","__x64_sys_dup2","/usr/lib/systemd/systemd-udevd",,,,"724924","d29ya2VyMToyNDMxODMxNjcyNTU1NzEyOjcyNDkyNA==","d29ya2VyMToyNDMxODMxNjY3MTE3ODQwOjcyNDkxOA==","[{""error_arg"":{""Message"":""Bad address""},""label"":""oldfd""},{""int_arg"":1,""label"":""newfd""}]"
"2026-08-24T18:38:11.747124100Z","worker1","falco-ref-stdio-network-redirect","__x64_sys_dup2","/usr/lib/systemd/systemd-udevd",,,,"724924","d29ya2VyMToyNDMxODMxNjcyNTU1NzEyOjcyNDkyNA==","d29ya2VyMToyNDMxODMxNjY3MTE3ODQwOjcyNDkxOA==","[{""error_arg"":{""Message"":""Bad address""},""label"":""oldfd""},{""int_arg"":2,""label"":""newfd""}]"
"2026-08-24T18:38:11.749697990Z","worker1","falco-ref-stdio-network-redirect","__x64_sys_dup3","/usr/bin/calico-node","-felix","kube-system","calico-node-rpfwh","724927","d29ya2VyMToyNDMxODMxNjc2MDY1MDc1OjcyNDkyNw==","d29ya2VyMToyNTIzMDAwMDAwMDozMjM1","[{""error_arg"":{""Message"":""Bad address""},""label"":""oldfd""},{""int_arg"":0,""label"":""newfd""},{""int_arg"":0,""label"":""flags""}]"
"2026-08-24T18:38:11.749704470Z","worker1","falco-ref-stdio-network-redirect","__x64_sys_dup3","/usr/bin/calico-node","-felix","kube-system","calico-node-rpfwh","724927","d29ya2VyMToyNDMxODMxNjc2MDY1MDc1OjcyNDkyNw==","d29ya2VyMToyNTIzMDAwMDAwMDozMjM1","[{""error_arg"":{""Message"":""Bad address""},""label"":""oldfd""},{""int_arg"":1,""label"":""newfd""},{""int_arg"":0,""label"":""flags""}]"
"2026-08-24T18:38:11.749708580Z","worker1","falco-ref-stdio-network-redirect","__x64_sys_dup3","/usr/bin/calico-node","-felix","kube-system","calico-node-rpfwh","724927","d29ya2VyMToyNDMxODMxNjc2MDY1MDc1OjcyNDkyNw==","d29ya2VyMToyNTIzMDAwMDAwMDozMjM1","[{""error_arg"":{""Message"":""Bad address""},""label"":""oldfd""},{""int_arg"":2,""label"":""newfd""},{""int_arg"":0,""label"":""flags""}]"
"2026-08-24T18:38:11.798720750Z","worker1","falco-ref-stdio-network-redirect","__x64_sys_dup3","/snap/microk8s/current/bin/runc","--root /run/containerd/runc/k8s.io --log /var/snap/microk8s/common/run/containerd/io.containerd.runtime.v2.task/k8s.io/b877da4c548921d30dcd7e00b84b3fec17050de0b2f89a71a5aed3766a5ab348/log.json --log-format json create --bundle /var/snap/microk8s/common/run/containerd/io.containerd.runtime.v2.task/k8s.io/b877da4c548921d30dcd7e00b84b3fec17050de0b2f89a71a5aed3766a5ab348 --pid-file /var/snap/microk8s/common/run/containerd/io.containerd.runtime.v2.task/k8s.io/b877da4c548921d30dcd7e00b84b3fec17050de0b2f89a71a5aed3766a5ab348/init.pid b877da4c548921d30dcd7e00b84b3fec17050de0b2f89a71a5aed3766a5ab348",,,"724965","d29ya2VyMToyNDMxODMxNzE3NjY0NDM2OjcyNDk2NQ==","d29ya2VyMToyNDMxODMxNzA0NDMyMTI1OjcyNDk1Mw==","[{""error_arg"":{""Message"":""Bad address""},""label"":""oldfd""},{""int_arg"":0,""label"":""newfd""},{""int_arg"":0,""label"":""flags""}]"
"2026-08-24T18:38:11.798734100Z","worker1","falco-ref-stdio-network-redirect","__x64_sys_dup3","/snap/microk8s/current/bin/runc","--root /run/containerd/runc/k8s.io --log /var/snap/microk8s/common/run/containerd/io.containerd.runtime.v2.task/k8s.io/b877da4c548921d30dcd7e00b84b3fec17050de0b2f89a71a5aed3766a5ab348/log.json --log-format json create --bundle /var/snap/microk8s/common/run/containerd/io.containerd.runtime.v2.task/k8s.io/b877da4c548921d30dcd7e00b84b3fec17050de0b2f89a71a5aed3766a5ab348 --pid-file /var/snap/microk8s/common/run/containerd/io.containerd.runtime.v2.task/k8s.io/b877da4c548921d30dcd7e00b84b3fec17050de0b2f89a71a5aed3766a5ab348/init.pid b877da4c548921d30dcd7e00b84b3fec17050de0b2f89a71a5aed3766a5ab348",,,"724965","d29ya2VyMToyNDMxODMxNzE3NjY0NDM2OjcyNDk2NQ==","d29ya2VyMToyNDMxODMxNzA0NDMyMTI1OjcyNDk1Mw==","[{""error_arg"":{""Message"":""Bad address""},""label"":""oldfd""},{""int_arg"":1,""label"":""newfd""},{""int_arg"":0,""label"":""flags""}]"
"2026-08-24T18:38:11.798736880Z","worker1","falco-ref-stdio-network-redirect","__x64_sys_dup3","/snap/microk8s/current/bin/runc","--root /run/containerd/runc/k8s.io --log /var/snap/microk8s/common/run/containerd/io.containerd.runtime.v2.task/k8s.io/b877da4c548921d30dcd7e00b84b3fec17050de0b2f89a71a5aed3766a5ab348/log.json --log-format json create --bundle /var/snap/microk8s/common/run/containerd/io.containerd.runtime.v2.task/k8s.io/b877da4c548921d30dcd7e00b84b3fec17050de0b2f89a71a5aed3766a5ab348 --pid-file /var/snap/microk8s/common/run/containerd/io.containerd.runtime.v2.task/k8s.io/b877da4c548921d30dcd7e00b84b3fec17050de0b2f89a71a5aed3766a5ab348/init.pid b877da4c548921d30dcd7e00b84b3fec17050de0b2f89a71a5aed3766a5ab348",,,"724965","d29ya2VyMToyNDMxODMxNzE3NjY0NDM2OjcyNDk2NQ==","d29ya2VyMToyNDMxODMxNzA0NDMyMTI1OjcyNDk1Mw==","[{""error_arg"":{""Message"":""Bad address""},""label"":""oldfd""},{""int_arg"":2,""label"":""newfd""},{""int_arg"":0,""label"":""flags""}]"
"2026-08-24T18:38:11.883103536Z","worker1","falco-ref-stdio-network-redirect","__x64_sys_dup3","/snap/microk8s/current/bin/runc","--root /run/containerd/runc/k8s.io --log /var/snap/microk8s/common/run/containerd/io.containerd.runtime.v2.task/k8s.io/5fad7f82de6bc9359caab1c8d7657eabf9e329c5bc286dc30f73961ff4a20f17/log.json --log-format json create --bundle /var/snap/microk8s/common/run/containerd/io.containerd.runtime.v2.task/k8s.io/5fad7f82de6bc9359caab1c8d7657eabf9e329c5bc286dc30f73961ff4a20f17 --pid-file /var/snap/microk8s/common/run/containerd/io.containerd.runtime.v2.task/k8s.io/5fad7f82de6bc9359caab1c8d7657eabf9e329c5bc286dc30f73961ff4a20f17/init.pid 5fad7f82de6bc9359caab1c8d7657eabf9e329c5bc286dc30f73961ff4a20f17",,,"724993","d29ya2VyMToyNDMxODMxNzk5ODg5ODA0OjcyNDk5Mw==","d29ya2VyMToyNDMxODMxNzg0MzcwOTg0OjcyNDk3OQ==","[{""error_arg"":{""Message"":""Bad address""},""label"":""oldfd""},{""int_arg"":0,""label"":""newfd""},{""int_arg"":0,""label"":""flags""}]"
"2026-08-24T18:38:11.897891944Z","worker1","falco-ref-run-shell-untrusted","__x64_sys_execve","/snap/microk8s/current/bin/runc","--root /run/containerd/runc/k8s.io --log /var/snap/microk8s/common/run/containerd/io.containerd.runtime.v2.task/k8s.io/5fad7f82de6bc9359caab1c8d7657eabf9e329c5bc286dc30f73961ff4a20f17/log.json --log-format json create --bundle /var/snap/microk8s/common/run/containerd/io.containerd.runtime.v2.task/k8s.io/5fad7f82de6bc9359caab1c8d7657eabf9e329c5bc286dc30f73961ff4a20f17 --pid-file /var/snap/microk8s/common/run/containerd/io.containerd.runtime.v2.task/k8s.io/5fad7f82de6bc9359caab1c8d7657eabf9e329c5bc286dc30f73961ff4a20f17/init.pid 5fad7f82de6bc9359caab1c8d7657eabf9e329c5bc286dc30f73961ff4a20f17",,,"724993","d29ya2VyMToyNDMxODMxNzk5ODg5ODA0OjcyNDk5Mw==","d29ya2VyMToyNDMxODMxNzg0MzcwOTg0OjcyNDk3OQ==","{""string_arg"":""/usr/bin/sh"",""label"":""filename""}"
"2026-08-24T18:38:12.493308029Z","worker1","falco-ref-stdio-network-redirect","__x64_sys_dup3","/usr/bin/calico-node","-felix","kube-system","calico-node-rpfwh","725022","d29ya2VyMToyNDMxODMyNDE5NTk0MjY0OjcyNTAyMg==","d29ya2VyMToyNTIzMDAwMDAwMDozMjM1","[{""error_arg"":{""Message"":""Bad address""},""label"":""oldfd""},{""int_arg"":0,""label"":""newfd""},{""int_arg"":0,""label"":""flags""}]"
"2026-08-24T18:38:12.493343189Z","worker1","falco-ref-stdio-network-redirect","__x64_sys_dup3","/usr/bin/calico-node","-felix","kube-system","calico-node-rpfwh","725022","d29ya2VyMToyNDMxODMyNDE5NTk0MjY0OjcyNTAyMg==","d29ya2VyMToyNTIzMDAwMDAwMDozMjM1","[{""error_arg"":{""Message"":""Bad address""},""label"":""oldfd""},{""int_arg"":1,""label"":""newfd""},{""int_arg"":0,""label"":""flags""}]"
"2026-08-24T18:38:12.493350189Z","worker1","falco-ref-stdio-network-redirect","__x64_sys_dup3","/usr/bin/calico-node","-felix","kube-system","calico-node-rpfwh","725022","d29ya2VyMToyNDMxODMyNDE5NTk0MjY0OjcyNTAyMg==","d29ya2VyMToyNTIzMDAwMDAwMDozMjM1","[{""error_arg"":{""Message"":""Bad address""},""label"":""oldfd""},{""int_arg"":2,""label"":""newfd""},{""int_arg"":0,""label"":""flags""}]"
"2026-08-24T18:38:12.499800954Z","worker1","falco-ref-stdio-network-redirect","__x64_sys_dup3","/usr/bin/calico-node","-felix","kube-system","calico-node-rpfwh","725023","d29ya2VyMToyNDMxODMyNDI2MTEzOTg4OjcyNTAyMw==","d29ya2VyMToyNTIzMDAwMDAwMDozMjM1","[{""error_arg"":{""Message"":""Bad address""},""label"":""oldfd""},{""int_arg"":0,""label"":""newfd""},{""int_arg"":0,""label"":""flags""}]"
"2026-08-24T18:38:12.499831325Z","worker1","falco-ref-stdio-network-redirect","__x64_sys_dup3","/usr/bin/calico-node","-felix","kube-system","calico-node-rpfwh","725023","d29ya2VyMToyNDMxODMyNDI2MTEzOTg4OjcyNTAyMw==","d29ya2VyMToyNTIzMDAwMDAwMDozMjM1","[{""error_arg"":{""Message"":""Bad address""},""label"":""oldfd""},{""int_arg"":1,""label"":""newfd""},{""int_arg"":0,""label"":""flags""}]"
"2026-08-24T18:38:12.499844205Z","worker1","falco-ref-stdio-network-redirect","__x64_sys_dup3","/usr/bin/calico-node","-felix","kube-system","calico-node-rpfwh","725023","d29ya2VyMToyNDMxODMyNDI2MTEzOTg4OjcyNTAyMw==","d29ya2VyMToyNTIzMDAwMDAwMDozMjM1","[{""error_arg"":{""Message"":""Bad address""},""label"":""oldfd""},{""int_arg"":2,""label"":""newfd""},{""int_arg"":0,""label"":""flags""}]"
"2026-08-24T18:38:11.899855402Z","worker1","falco-ref-stdio-network-redirect","__x64_sys_dup2","/usr/bin/sh","-c ""set -eu
mariadb \
  --protocol=TCP \
  --host=mariadb-galera.database.svc.cluster.local \
  --port=3306 \
  --user=appuser \
  --password=""$APP_PASSWORD"" \
  appdb <<'SQL'
SELECT CURRENT_USER() AS authenticated_as;
SELECT DATABASE() AS current_database;
SELECT @@hostname AS connected_to;

SHOW SESSION STATUS LIKE 'Ssl_version';
SHOW SESSION STATUS LIKE 'Ssl_cipher';

DELETE FROM connection_test
WHERE id = 1;

INSERT INTO connection_test (id, message)
VALUES (1, 'Initial test message');

SELECT 'INSERT successful' AS step;
SELECT * FROM connection_test WHERE id = 1;

UPDATE connection_test
SET message = 'Updated test message'
WHERE id = 1;

SELECT 'UPDATE successful' AS step;
SELECT * FROM connection_test WHERE id = 1;

DELETE FROM connection_test
WHERE id = 1;

SELECT 'DELETE successful' AS step;
SELECT COUNT(*) AS remaining_rows
FROM connection_test
WHERE id = 1;
""","database","g1-crud-pmwtg","724993","d29ya2VyMToyNDMxODMxODI1NTI0NTU0OjcyNDk5Mw==","d29ya2VyMToyNDMxODMxNjk4MDgyODgwOjcyNDk0Mg==","[{""error_arg"":{""Message"":""Bad address""},""label"":""oldfd""},{""int_arg"":0,""label"":""newfd""}]"
"2026-08-24T18:38:12.025816059Z","worker1","falco-ref-stdio-network-redirect","__x64_sys_dup2","/usr/bin/sh","-c ""set -eu
mariadb \
  --protocol=TCP \
  --host=mariadb-galera.database.svc.cluster.local \
  --port=3306 \
  --user=appuser \
  --password=""$APP_PASSWORD"" \
  appdb <<'SQL'
SELECT CURRENT_USER() AS authenticated_as;
SELECT DATABASE() AS current_database;
SELECT @@hostname AS connected_to;

SHOW SESSION STATUS LIKE 'Ssl_version';
SHOW SESSION STATUS LIKE 'Ssl_cipher';

DELETE FROM connection_test
WHERE id = 1;

INSERT INTO connection_test (id, message)
VALUES (1, 'Initial test message');

SELECT 'INSERT successful' AS step;
SELECT * FROM connection_test WHERE id = 1;

UPDATE connection_test
SET message = 'Updated test message'
WHERE id = 1;

SELECT 'UPDATE successful' AS step;
SELECT * FROM connection_test WHERE id = 1;

DELETE FROM connection_test
WHERE id = 1;

SELECT 'DELETE successful' AS step;
SELECT COUNT(*) AS remaining_rows
FROM connection_test
WHERE id = 1;
""","database","g1-crud-pmwtg","724993","d29ya2VyMToyNDMxODMxODI1NTI0NTU0OjcyNDk5Mw==","d29ya2VyMToyNDMxODMxNjk4MDgyODgwOjcyNDk0Mg==","[{""error_arg"":{""Message"":""Bad address""},""label"":""oldfd""},{""int_arg"":0,""label"":""newfd""}]"
"2026-08-24T18:38:13.639715008Z","worker1","falco-ref-stdio-network-redirect","__x64_sys_dup3","/usr/bin/calico-node","-felix","kube-system","calico-node-rpfwh","725106","d29ya2VyMToyNDMxODMzNTY1ODY2MTQxOjcyNTEwNg==","d29ya2VyMToyNTIzMDAwMDAwMDozMjM1","[{""error_arg"":{""Message"":""Bad address""},""label"":""oldfd""},{""int_arg"":0,""label"":""newfd""},{""int_arg"":0,""label"":""flags""}]"
"2026-08-24T18:38:13.639771428Z","worker1","falco-ref-stdio-network-redirect","__x64_sys_dup3","/usr/bin/calico-node","-felix","kube-system","calico-node-rpfwh","725106","d29ya2VyMToyNDMxODMzNTY1ODY2MTQxOjcyNTEwNg==","d29ya2VyMToyNTIzMDAwMDAwMDozMjM1","[{""error_arg"":{""Message"":""Bad address""},""label"":""oldfd""},{""int_arg"":1,""label"":""newfd""},{""int_arg"":0,""label"":""flags""}]"
"2026-08-24T18:38:13.639805148Z","worker1","falco-ref-stdio-network-redirect","__x64_sys_dup3","/usr/bin/calico-node","-felix","kube-system","calico-node-rpfwh","725106","d29ya2VyMToyNDMxODMzNTY1ODY2MTQxOjcyNTEwNg==","d29ya2VyMToyNTIzMDAwMDAwMDozMjM1","[{""error_arg"":{""Message"":""Bad address""},""label"":""oldfd""},{""int_arg"":2,""label"":""newfd""},{""int_arg"":0,""label"":""flags""}]"
"2026-08-24T18:38:13.643833283Z","worker1","falco-ref-stdio-network-redirect","__x64_sys_dup2","/usr/lib/systemd/systemd-udevd",,,,"725108","d29ya2VyMToyNDMxODMzNTY5OTgzMjA3OjcyNTEwOA==","d29ya2VyMToyNDMxODMxNjg0MzYzOTQ3OjcyNDkzMw==","[{""error_arg"":{""Message"":""Bad address""},""label"":""oldfd""},{""int_arg"":0,""label"":""newfd""}]"
"2026-08-24T18:38:13.643838573Z","worker1","falco-ref-stdio-network-redirect","__x64_sys_dup2","/usr/lib/systemd/systemd-udevd",,,,"725108","d29ya2VyMToyNDMxODMzNTY5OTgzMjA3OjcyNTEwOA==","d29ya2VyMToyNDMxODMxNjg0MzYzOTQ3OjcyNDkzMw==","[{""error_arg"":{""Message"":""Bad address""},""label"":""oldfd""},{""int_arg"":1,""label"":""newfd""}]"
"2026-08-24T18:38:13.643841263Z","worker1","falco-ref-stdio-network-redirect","__x64_sys_dup2","/usr/lib/systemd/systemd-udevd",,,,"725108","d29ya2VyMToyNDMxODMzNTY5OTgzMjA3OjcyNTEwOA==","d29ya2VyMToyNDMxODMxNjg0MzYzOTQ3OjcyNDkzMw==","[{""error_arg"":{""Message"":""Bad address""},""label"":""oldfd""},{""int_arg"":2,""label"":""newfd""}]"
"2026-08-24T18:38:13.648825583Z","worker1","falco-ref-stdio-network-redirect","__x64_sys_dup3","/usr/bin/calico-node","-felix","kube-system","calico-node-rpfwh","725111","d29ya2VyMToyNDMxODMzNTc0OTkzMzQ3OjcyNTExMQ==","d29ya2VyMToyNTIzMDAwMDAwMDozMjM1","[{""error_arg"":{""Message"":""Bad address""},""label"":""oldfd""},{""int_arg"":0,""label"":""newfd""},{""int_arg"":0,""label"":""flags""}]"
"2026-08-24T18:38:13.648846943Z","worker1","falco-ref-stdio-network-redirect","__x64_sys_dup3","/usr/bin/calico-node","-felix","kube-system","calico-node-rpfwh","725111","d29ya2VyMToyNDMxODMzNTc0OTkzMzQ3OjcyNTExMQ==","d29ya2VyMToyNTIzMDAwMDAwMDozMjM1","[{""error_arg"":{""Message"":""Bad address""},""label"":""oldfd""},{""int_arg"":1,""label"":""newfd""},{""int_arg"":0,""label"":""flags""}]"
"2026-08-24T18:38:13.648851303Z","worker1","falco-ref-stdio-network-redirect","__x64_sys_dup3","/usr/bin/calico-node","-felix","kube-system","calico-node-rpfwh","725111","d29ya2VyMToyNDMxODMzNTc0OTkzMzQ3OjcyNTExMQ==","d29ya2VyMToyNTIzMDAwMDAwMDozMjM1","[{""error_arg"":{""Message"":""Bad address""},""label"":""oldfd""},{""int_arg"":2,""label"":""newfd""},{""int_arg"":0,""label"":""flags""}]"
"2026-08-24T18:38:13.739081632Z","worker1","falco-ref-stdio-network-redirect","__x64_sys_dup3","/usr/bin/calico-node","-felix","kube-system","calico-node-rpfwh","725121","d29ya2VyMToyNDMxODMzNjY1NDA2ODI3OjcyNTEyMQ==","d29ya2VyMToyNTIzMDAwMDAwMDozMjM1","[{""error_arg"":{""Message"":""Bad address""},""label"":""oldfd""},{""int_arg"":0,""label"":""newfd""},{""int_arg"":0,""label"":""flags""}]"
"2026-08-24T18:38:13.739091182Z","worker1","falco-ref-stdio-network-redirect","__x64_sys_dup3","/usr/bin/calico-node","-felix","kube-system","calico-node-rpfwh","725121","d29ya2VyMToyNDMxODMzNjY1NDA2ODI3OjcyNTEyMQ==","d29ya2VyMToyNTIzMDAwMDAwMDozMjM1","[{""error_arg"":{""Message"":""Bad address""},""label"":""oldfd""},{""int_arg"":1,""label"":""newfd""},{""int_arg"":0,""label"":""flags""}]"
"2026-08-24T18:38:13.739096102Z","worker1","falco-ref-stdio-network-redirect","__x64_sys_dup3","/usr/bin/calico-node","-felix","kube-system","calico-node-rpfwh","725121","d29ya2VyMToyNDMxODMzNjY1NDA2ODI3OjcyNTEyMQ==","d29ya2VyMToyNTIzMDAwMDAwMDozMjM1","[{""error_arg"":{""Message"":""Bad address""},""label"":""oldfd""},{""int_arg"":2,""label"":""newfd""},{""int_arg"":0,""label"":""flags""}]"
"2026-08-24T18:38:13.760885977Z","worker1","falco-ref-stdio-network-redirect","__x64_sys_dup3","/usr/bin/calico-node","-felix","kube-system","calico-node-rpfwh","725122","d29ya2VyMToyNDMxODMzNjg3MjMwNDkxOjcyNTEyMg==","d29ya2VyMToyNTIzMDAwMDAwMDozMjM1","[{""error_arg"":{""Message"":""Bad address""},""label"":""oldfd""},{""int_arg"":0,""label"":""newfd""},{""int_arg"":0,""label"":""flags""}]"
"2026-08-24T18:38:13.760912377Z","worker1","falco-ref-stdio-network-redirect","__x64_sys_dup3","/usr/bin/calico-node","-felix","kube-system","calico-node-rpfwh","725122","d29ya2VyMToyNDMxODMzNjg3MjMwNDkxOjcyNTEyMg==","d29ya2VyMToyNTIzMDAwMDAwMDozMjM1","[{""error_arg"":{""Message"":""Bad address""},""label"":""oldfd""},{""int_arg"":1,""label"":""newfd""},{""int_arg"":0,""label"":""flags""}]"
"2026-08-24T18:38:13.760919247Z","worker1","falco-ref-stdio-network-redirect","__x64_sys_dup3","/usr/bin/calico-node","-felix","kube-system","calico-node-rpfwh","725122","d29ya2VyMToyNDMxODMzNjg3MjMwNDkxOjcyNTEyMg==","d29ya2VyMToyNTIzMDAwMDAwMDozMjM1","[{""error_arg"":{""Message"":""Bad address""},""label"":""oldfd""},{""int_arg"":2,""label"":""newfd""},{""int_arg"":0,""label"":""flags""}]"
"2026-08-24T18:38:13.808511441Z","worker1","falco-ref-stdio-network-redirect","__x64_sys_dup3","/usr/bin/calico-node","-felix","kube-system","calico-node-rpfwh","725123","d29ya2VyMToyNDMxODMzNzM0MjgxOTY0OjcyNTEyMw==","d29ya2VyMToyNTIzMDAwMDAwMDozMjM1","[{""error_arg"":{""Message"":""Bad address""},""label"":""oldfd""},{""int_arg"":0,""label"":""newfd""},{""int_arg"":0,""label"":""flags""}]"
"2026-08-24T18:38:13.808013249Z","worker1","falco-ref-stdio-network-redirect","__x64_sys_dup3","/usr/bin/calico-node","-felix","kube-system","calico-node-rpfwh","725123","d29ya2VyMToyNDMxODMzNzM0MjgxOTY0OjcyNTEyMw==","d29ya2VyMToyNTIzMDAwMDAwMDozMjM1","[{""error_arg"":{""Message"":""Bad address""},""label"":""oldfd""},{""int_arg"":1,""label"":""newfd""},{""int_arg"":0,""label"":""flags""}]"
"2026-08-24T18:38:13.808246440Z","worker1","falco-ref-stdio-network-redirect","__x64_sys_dup3","/usr/bin/calico-node","-felix","kube-system","calico-node-rpfwh","725123","d29ya2VyMToyNDMxODMzNzM0MjgxOTY0OjcyNTEyMw==","d29ya2VyMToyNTIzMDAwMDAwMDozMjM1","[{""error_arg"":{""Message"":""Bad address""},""label"":""oldfd""},{""int_arg"":2,""label"":""newfd""},{""int_arg"":0,""label"":""flags""}]"
"2026-08-24T18:38:13.813753831Z","worker1","falco-ref-stdio-network-redirect","__x64_sys_dup3","/usr/bin/calico-node","-felix","kube-system","calico-node-rpfwh","725124","d29ya2VyMToyNDMxODMzNzQwMDkwNTg2OjcyNTEyNA==","d29ya2VyMToyNTIzMDAwMDAwMDozMjM1","[{""error_arg"":{""Message"":""Bad address""},""label"":""oldfd""},{""int_arg"":0,""label"":""newfd""},{""int_arg"":0,""label"":""flags""}]"
"2026-08-24T18:38:13.813781122Z","worker1","falco-ref-stdio-network-redirect","__x64_sys_dup3","/usr/bin/calico-node","-felix","kube-system","calico-node-rpfwh","725124","d29ya2VyMToyNDMxODMzNzQwMDkwNTg2OjcyNTEyNA==","d29ya2VyMToyNTIzMDAwMDAwMDozMjM1","[{""error_arg"":{""Message"":""Bad address""},""label"":""oldfd""},{""int_arg"":1,""label"":""newfd""},{""int_arg"":0,""label"":""flags""}]"
"2026-08-24T18:38:13.813786442Z","worker1","falco-ref-stdio-network-redirect","__x64_sys_dup3","/usr/bin/calico-node","-felix","kube-system","calico-node-rpfwh","725124","d29ya2VyMToyNDMxODMzNzQwMDkwNTg2OjcyNTEyNA==","d29ya2VyMToyNTIzMDAwMDAwMDozMjM1","[{""error_arg"":{""Message"":""Bad address""},""label"":""oldfd""},{""int_arg"":2,""label"":""newfd""},{""int_arg"":0,""label"":""flags""}]"
"2026-08-24T18:38:13.822955117Z","worker1","falco-ref-stdio-network-redirect","__x64_sys_dup3","/usr/bin/calico-node","-felix","kube-system","calico-node-rpfwh","725125","d29ya2VyMToyNDMxODMzNzQ5MjUzMjYxOjcyNTEyNQ==","d29ya2VyMToyNTIzMDAwMDAwMDozMjM1","[{""error_arg"":{""Message"":""Bad address""},""label"":""oldfd""},{""int_arg"":0,""label"":""newfd""},{""int_arg"":0,""label"":""flags""}]"
"2026-08-24T18:38:13.822974667Z","worker1","falco-ref-stdio-network-redirect","__x64_sys_dup3","/usr/bin/calico-node","-felix","kube-system","calico-node-rpfwh","725125","d29ya2VyMToyNDMxODMzNzQ5MjUzMjYxOjcyNTEyNQ==","d29ya2VyMToyNTIzMDAwMDAwMDozMjM1","[{""error_arg"":{""Message"":""Bad address""},""label"":""oldfd""},{""int_arg"":1,""label"":""newfd""},{""int_arg"":0,""label"":""flags""}]"
"2026-08-24T18:38:13.822979857Z","worker1","falco-ref-stdio-network-redirect","__x64_sys_dup3","/usr/bin/calico-node","-felix","kube-system","calico-node-rpfwh","725125","d29ya2VyMToyNDMxODMzNzQ5MjUzMjYxOjcyNTEyNQ==","d29ya2VyMToyNTIzMDAwMDAwMDozMjM1","[{""error_arg"":{""Message"":""Bad address""},""label"":""oldfd""},{""int_arg"":2,""label"":""newfd""},{""int_arg"":0,""label"":""flags""}]"
"2026-08-24T18:38:18.853270274Z","worker1","falco-ref-stdio-network-redirect","__x64_sys_dup3","/usr/bin/calico-node","-felix","kube-system","calico-node-rpfwh","725127","d29ya2VyMToyNDMxODM4Nzc5NTgzMDQ4OjcyNTEyNw==","d29ya2VyMToyNTIzMDAwMDAwMDozMjM1","[{""error_arg"":{""Message"":""Bad address""},""label"":""oldfd""},{""int_arg"":0,""label"":""newfd""},{""int_arg"":0,""label"":""flags""}]"
"2026-08-24T18:38:18.853311383Z","worker1","falco-ref-stdio-network-redirect","__x64_sys_dup3","/usr/bin/calico-node","-felix","kube-system","calico-node-rpfwh","725127","d29ya2VyMToyNDMxODM4Nzc5NTgzMDQ4OjcyNTEyNw==","d29ya2VyMToyNTIzMDAwMDAwMDozMjM1","[{""error_arg"":{""Message"":""Bad address""},""label"":""oldfd""},{""int_arg"":1,""label"":""newfd""},{""int_arg"":0,""label"":""flags""}]"
"2026-08-24T18:38:18.853316374Z","worker1","falco-ref-stdio-network-redirect","__x64_sys_dup3","/usr/bin/calico-node","-felix","kube-system","calico-node-rpfwh","725127","d29ya2VyMToyNDMxODM4Nzc5NTgzMDQ4OjcyNTEyNw==","d29ya2VyMToyNTIzMDAwMDAwMDozMjM1","[{""error_arg"":{""Message"":""Bad address""},""label"":""oldfd""},{""int_arg"":2,""label"":""newfd""},{""int_arg"":0,""label"":""flags""}]"
"2026-08-24T18:38:18.859136377Z","worker1","falco-ref-stdio-network-redirect","__x64_sys_dup3","/usr/bin/calico-node","-felix","kube-system","calico-node-rpfwh","725128","d29ya2VyMToyNDMxODM4Nzg1NDI4NzEwOjcyNTEyOA==","d29ya2VyMToyNTIzMDAwMDAwMDozMjM1","[{""error_arg"":{""Message"":""Bad address""},""label"":""oldfd""},{""int_arg"":0,""label"":""newfd""},{""int_arg"":0,""label"":""flags""}]"
"2026-08-24T18:38:18.859162607Z","worker1","falco-ref-stdio-network-redirect","__x64_sys_dup3","/usr/bin/calico-node","-felix","kube-system","calico-node-rpfwh","725128","d29ya2VyMToyNDMxODM4Nzg1NDI4NzEwOjcyNTEyOA==","d29ya2VyMToyNTIzMDAwMDAwMDozMjM1","[{""error_arg"":{""Message"":""Bad address""},""label"":""oldfd""},{""int_arg"":1,""label"":""newfd""},{""int_arg"":0,""label"":""flags""}]"
"2026-08-24T18:38:18.859166747Z","worker1","falco-ref-stdio-network-redirect","__x64_sys_dup3","/usr/bin/calico-node","-felix","kube-system","calico-node-rpfwh","725128","d29ya2VyMToyNDMxODM4Nzg1NDI4NzEwOjcyNTEyOA==","d29ya2VyMToyNTIzMDAwMDAwMDozMjM1","[{""error_arg"":{""Message"":""Bad address""},""label"":""oldfd""},{""int_arg"":2,""label"":""newfd""},{""int_arg"":0,""label"":""flags""}]"
"2026-08-24T18:37:55.194559324Z","worker2","falco-ref-sensitive-read-untrusted","security_file_permission","/usr/lib/openssh/sshd-session","-D -R -N 2",,,"714309","d29ya2VyMjoyNDMxNTA5NTg5ODI1MjMyOjcxNDMwOQ==","d29ya2VyMjozMTMwOTkxNjAwMDAwMDA6MTcyMTEyMA==","[{""file_arg"":{""path"":""/etc/pam.d/sshd"",""permission"":""-rw-r--r--""},""label"":""file""},{""int_arg"":4,""label"":""mask""}]"
"2026-08-24T18:37:55.194603294Z","worker2","falco-ref-sensitive-read-untrusted","security_file_permission","/usr/lib/openssh/sshd-session","-D -R -N 2",,,"714309","d29ya2VyMjoyNDMxNTA5NTg5ODI1MjMyOjcxNDMwOQ==","d29ya2VyMjozMTMwOTkxNjAwMDAwMDA6MTcyMTEyMA==","[{""file_arg"":{""path"":""/etc/pam.d/common-auth"",""permission"":""-rw-r--r--""},""label"":""file""},{""int_arg"":4,""label"":""mask""}]"
"2026-08-24T18:37:55.195192273Z","worker2","falco-ref-sensitive-read-untrusted","security_file_permission","/usr/lib/openssh/sshd-session","-D -R -N 2",,,"714309","d29ya2VyMjoyNDMxNTA5NTg5ODI1MjMyOjcxNDMwOQ==","d29ya2VyMjozMTMwOTkxNjAwMDAwMDA6MTcyMTEyMA==","[{""file_arg"":{""path"":""/etc/pam.d/common-auth"",""permission"":""-rw-r--r--""},""label"":""file""},{""int_arg"":4,""label"":""mask""}]"
"2026-08-24T18:37:55.195303482Z","worker2","falco-ref-sensitive-read-untrusted","security_file_permission","/usr/lib/openssh/sshd-session","-D -R -N 2",,,"714309","d29ya2VyMjoyNDMxNTA5NTg5ODI1MjMyOjcxNDMwOQ==","d29ya2VyMjozMTMwOTkxNjAwMDAwMDA6MTcyMTEyMA==","[{""file_arg"":{""path"":""/etc/pam.d/common-account"",""permission"":""-rw-r--r--""},""label"":""file""},{""int_arg"":4,""label"":""mask""}]"
"2026-08-24T18:37:55.195384612Z","worker2","falco-ref-sensitive-read-untrusted","security_file_permission","/usr/lib/openssh/sshd-session","-D -R -N 2",,,"714309","d29ya2VyMjoyNDMxNTA5NTg5ODI1MjMyOjcxNDMwOQ==","d29ya2VyMjozMTMwOTkxNjAwMDAwMDA6MTcyMTEyMA==","[{""file_arg"":{""path"":""/etc/pam.d/common-account"",""permission"":""-rw-r--r--""},""label"":""file""},{""int_arg"":4,""label"":""mask""}]"
"2026-08-24T18:37:55.195613471Z","worker2","falco-ref-sensitive-read-untrusted","security_file_permission","/usr/lib/openssh/sshd-session","-D -R -N 2",,,"714309","d29ya2VyMjoyNDMxNTA5NTg5ODI1MjMyOjcxNDMwOQ==","d29ya2VyMjozMTMwOTkxNjAwMDAwMDA6MTcyMTEyMA==","[{""file_arg"":{""path"":""/etc/pam.d/common-session"",""permission"":""-rw-r--r--""},""label"":""file""},{""int_arg"":4,""label"":""mask""}]"
"2026-08-24T18:37:55.196065280Z","worker2","falco-ref-sensitive-read-untrusted","security_file_permission","/usr/lib/openssh/sshd-session","-D -R -N 2",,,"714309","d29ya2VyMjoyNDMxNTA5NTg5ODI1MjMyOjcxNDMwOQ==","d29ya2VyMjozMTMwOTkxNjAwMDAwMDA6MTcyMTEyMA==","[{""file_arg"":{""path"":""/etc/pam.d/common-session"",""permission"":""-rw-r--r--""},""label"":""file""},{""int_arg"":4,""label"":""mask""}]"
"2026-08-24T18:37:55.196628589Z","worker2","falco-ref-sensitive-read-untrusted","security_file_permission","/usr/lib/openssh/sshd-session","-D -R -N 2",,,"714309","d29ya2VyMjoyNDMxNTA5NTg5ODI1MjMyOjcxNDMwOQ==","d29ya2VyMjozMTMwOTkxNjAwMDAwMDA6MTcyMTEyMA==","[{""file_arg"":{""path"":""/etc/pam.d/common-password"",""permission"":""-rw-r--r--""},""label"":""file""},{""int_arg"":4,""label"":""mask""}]"
"2026-08-24T18:37:55.196668749Z","worker2","falco-ref-sensitive-read-untrusted","security_file_permission","/usr/lib/openssh/sshd-session","-D -R -N 2",,,"714309","d29ya2VyMjoyNDMxNTA5NTg5ODI1MjMyOjcxNDMwOQ==","d29ya2VyMjozMTMwOTkxNjAwMDAwMDA6MTcyMTEyMA==","[{""file_arg"":{""path"":""/etc/pam.d/common-password"",""permission"":""-rw-r--r--""},""label"":""file""},{""int_arg"":4,""label"":""mask""}]"
"2026-08-24T18:37:55.196675209Z","worker2","falco-ref-sensitive-read-untrusted","security_file_permission","/usr/lib/openssh/sshd-session","-D -R -N 2",,,"714309","d29ya2VyMjoyNDMxNTA5NTg5ODI1MjMyOjcxNDMwOQ==","d29ya2VyMjozMTMwOTkxNjAwMDAwMDA6MTcyMTEyMA==","[{""file_arg"":{""path"":""/etc/pam.d/sshd"",""permission"":""-rw-r--r--""},""label"":""file""},{""int_arg"":4,""label"":""mask""}]"
"2026-08-24T18:37:55.196688679Z","worker2","falco-ref-sensitive-read-untrusted","security_file_permission","/usr/lib/openssh/sshd-session","-D -R -N 2",,,"714309","d29ya2VyMjoyNDMxNTA5NTg5ODI1MjMyOjcxNDMwOQ==","d29ya2VyMjozMTMwOTkxNjAwMDAwMDA6MTcyMTEyMA==","[{""file_arg"":{""path"":""/etc/pam.d/other"",""permission"":""-rw-r--r--""},""label"":""file""},{""int_arg"":4,""label"":""mask""}]"
"2026-08-24T18:37:55.196719049Z","worker2","falco-ref-sensitive-read-untrusted","security_file_permission","/usr/lib/openssh/sshd-session","-D -R -N 2",,,"714309","d29ya2VyMjoyNDMxNTA5NTg5ODI1MjMyOjcxNDMwOQ==","d29ya2VyMjozMTMwOTkxNjAwMDAwMDA6MTcyMTEyMA==","[{""file_arg"":{""path"":""/etc/pam.d/common-auth"",""permission"":""-rw-r--r--""},""label"":""file""},{""int_arg"":4,""label"":""mask""}]"
"2026-08-24T18:37:55.196728558Z","worker2","falco-ref-sensitive-read-untrusted","security_file_permission","/usr/lib/openssh/sshd-session","-D -R -N 2",,,"714309","d29ya2VyMjoyNDMxNTA5NTg5ODI1MjMyOjcxNDMwOQ==","d29ya2VyMjozMTMwOTkxNjAwMDAwMDA6MTcyMTEyMA==","[{""file_arg"":{""path"":""/etc/pam.d/common-auth"",""permission"":""-rw-r--r--""},""label"":""file""},{""int_arg"":4,""label"":""mask""}]"
"2026-08-24T18:37:55.196742088Z","worker2","falco-ref-sensitive-read-untrusted","security_file_permission","/usr/lib/openssh/sshd-session","-D -R -N 2",,,"714309","d29ya2VyMjoyNDMxNTA5NTg5ODI1MjMyOjcxNDMwOQ==","d29ya2VyMjozMTMwOTkxNjAwMDAwMDA6MTcyMTEyMA==","[{""file_arg"":{""path"":""/etc/pam.d/common-account"",""permission"":""-rw-r--r--""},""label"":""file""},{""int_arg"":4,""label"":""mask""}]"
"2026-08-24T18:37:55.196750278Z","worker2","falco-ref-sensitive-read-untrusted","security_file_permission","/usr/lib/openssh/sshd-session","-D -R -N 2",,,"714309","d29ya2VyMjoyNDMxNTA5NTg5ODI1MjMyOjcxNDMwOQ==","d29ya2VyMjozMTMwOTkxNjAwMDAwMDA6MTcyMTEyMA==","[{""file_arg"":{""path"":""/etc/pam.d/common-account"",""permission"":""-rw-r--r--""},""label"":""file""},{""int_arg"":4,""label"":""mask""}]"
"2026-08-24T18:37:55.196776658Z","worker2","falco-ref-sensitive-read-untrusted","security_file_permission","/usr/lib/openssh/sshd-session","-D -R -N 2",,,"714309","d29ya2VyMjoyNDMxNTA5NTg5ODI1MjMyOjcxNDMwOQ==","d29ya2VyMjozMTMwOTkxNjAwMDAwMDA6MTcyMTEyMA==","[{""file_arg"":{""path"":""/etc/pam.d/common-password"",""permission"":""-rw-r--r--""},""label"":""file""},{""int_arg"":4,""label"":""mask""}]"
"2026-08-24T18:37:55.196784928Z","worker2","falco-ref-sensitive-read-untrusted","security_file_permission","/usr/lib/openssh/sshd-session","-D -R -N 2",,,"714309","d29ya2VyMjoyNDMxNTA5NTg5ODI1MjMyOjcxNDMwOQ==","d29ya2VyMjozMTMwOTkxNjAwMDAwMDA6MTcyMTEyMA==","[{""file_arg"":{""path"":""/etc/pam.d/common-password"",""permission"":""-rw-r--r--""},""label"":""file""},{""int_arg"":4,""label"":""mask""}]"
"2026-08-24T18:37:55.196797678Z","worker2","falco-ref-sensitive-read-untrusted","security_file_permission","/usr/lib/openssh/sshd-session","-D -R -N 2",,,"714309","d29ya2VyMjoyNDMxNTA5NTg5ODI1MjMyOjcxNDMwOQ==","d29ya2VyMjozMTMwOTkxNjAwMDAwMDA6MTcyMTEyMA==","[{""file_arg"":{""path"":""/etc/pam.d/common-session"",""permission"":""-rw-r--r--""},""label"":""file""},{""int_arg"":4,""label"":""mask""}]"
"2026-08-24T18:37:55.196820258Z","worker2","falco-ref-sensitive-read-untrusted","security_file_permission","/usr/lib/openssh/sshd-session","-D -R -N 2",,,"714309","d29ya2VyMjoyNDMxNTA5NTg5ODI1MjMyOjcxNDMwOQ==","d29ya2VyMjozMTMwOTkxNjAwMDAwMDA6MTcyMTEyMA==","[{""file_arg"":{""path"":""/etc/pam.d/common-session"",""permission"":""-rw-r--r--""},""label"":""file""},{""int_arg"":4,""label"":""mask""}]"
"2026-08-24T18:37:55.196890378Z","worker2","falco-ref-sensitive-read-untrusted","security_file_permission","/usr/lib/openssh/sshd-session","-D -R -N 2",,,"714309","d29ya2VyMjoyNDMxNTA5NTg5ODI1MjMyOjcxNDMwOQ==","d29ya2VyMjozMTMwOTkxNjAwMDAwMDA6MTcyMTEyMA==","[{""file_arg"":{""path"":""/etc/pam.d/other"",""permission"":""-rw-r--r--""},""label"":""file""},{""int_arg"":4,""label"":""mask""}]"
"2026-08-24T18:37:56.024648578Z","worker2","falco-ref-sensitive-read-untrusted","security_file_permission","/usr/lib/openssh/sshd-session","-D -R -N 2",,,"714313","d29ya2VyMjoyNDMxNTEwNDM1NTA0OTY0OjcxNDMxMw==","d29ya2VyMjozMTMwOTkxNjAwMDAwMDA6MTcyMTEyMA==","[{""file_arg"":{""path"":""/etc/pam.d/sshd"",""permission"":""-rw-r--r--""},""label"":""file""},{""int_arg"":4,""label"":""mask""}]"
"2026-08-24T18:37:56.024717457Z","worker2","falco-ref-sensitive-read-untrusted","security_file_permission","/usr/lib/openssh/sshd-session","-D -R -N 2",,,"714313","d29ya2VyMjoyNDMxNTEwNDM1NTA0OTY0OjcxNDMxMw==","d29ya2VyMjozMTMwOTkxNjAwMDAwMDA6MTcyMTEyMA==","[{""file_arg"":{""path"":""/etc/pam.d/common-auth"",""permission"":""-rw-r--r--""},""label"":""file""},{""int_arg"":4,""label"":""mask""}]"
"2026-08-24T18:37:56.025512285Z","worker2","falco-ref-sensitive-read-untrusted","security_file_permission","/usr/lib/openssh/sshd-session","-D -R -N 2",,,"714313","d29ya2VyMjoyNDMxNTEwNDM1NTA0OTY0OjcxNDMxMw==","d29ya2VyMjozMTMwOTkxNjAwMDAwMDA6MTcyMTEyMA==","[{""file_arg"":{""path"":""/etc/pam.d/common-auth"",""permission"":""-rw-r--r--""},""label"":""file""},{""int_arg"":4,""label"":""mask""}]"
"2026-08-24T18:37:56.025660855Z","worker2","falco-ref-sensitive-read-untrusted","security_file_permission","/usr/lib/openssh/sshd-session","-D -R -N 2",,,"714313","d29ya2VyMjoyNDMxNTEwNDM1NTA0OTY0OjcxNDMxMw==","d29ya2VyMjozMTMwOTkxNjAwMDAwMDA6MTcyMTEyMA==","[{""file_arg"":{""path"":""/etc/pam.d/common-account"",""permission"":""-rw-r--r--""},""label"":""file""},{""int_arg"":4,""label"":""mask""}]"
"2026-08-24T18:37:56.025697835Z","worker2","falco-ref-sensitive-read-untrusted","security_file_permission","/usr/lib/openssh/sshd-session","-D -R -N 2",,,"714313","d29ya2VyMjoyNDMxNTEwNDM1NTA0OTY0OjcxNDMxMw==","d29ya2VyMjozMTMwOTkxNjAwMDAwMDA6MTcyMTEyMA==","[{""file_arg"":{""path"":""/etc/pam.d/common-account"",""permission"":""-rw-r--r--""},""label"":""file""},{""int_arg"":4,""label"":""mask""}]"
"2026-08-24T18:37:56.026074334Z","worker2","falco-ref-sensitive-read-untrusted","security_file_permission","/usr/lib/openssh/sshd-session","-D -R -N 2",,,"714313","d29ya2VyMjoyNDMxNTEwNDM1NTA0OTY0OjcxNDMxMw==","d29ya2VyMjozMTMwOTkxNjAwMDAwMDA6MTcyMTEyMA==","[{""file_arg"":{""path"":""/etc/pam.d/common-session"",""permission"":""-rw-r--r--""},""label"":""file""},{""int_arg"":4,""label"":""mask""}]"
"2026-08-24T18:37:56.026605002Z","worker2","falco-ref-sensitive-read-untrusted","security_file_permission","/usr/lib/openssh/sshd-session","-D -R -N 2",,,"714313","d29ya2VyMjoyNDMxNTEwNDM1NTA0OTY0OjcxNDMxMw==","d29ya2VyMjozMTMwOTkxNjAwMDAwMDA6MTcyMTEyMA==","[{""file_arg"":{""path"":""/etc/pam.d/common-session"",""permission"":""-rw-r--r--""},""label"":""file""},{""int_arg"":4,""label"":""mask""}]"
"2026-08-24T18:37:56.027420030Z","worker2","falco-ref-sensitive-read-untrusted","security_file_permission","/usr/lib/openssh/sshd-session","-D -R -N 2",,,"714313","d29ya2VyMjoyNDMxNTEwNDM1NTA0OTY0OjcxNDMxMw==","d29ya2VyMjozMTMwOTkxNjAwMDAwMDA6MTcyMTEyMA==","[{""file_arg"":{""path"":""/etc/pam.d/common-password"",""permission"":""-rw-r--r--""},""label"":""file""},{""int_arg"":4,""label"":""mask""}]"
"2026-08-24T18:37:56.027452120Z","worker2","falco-ref-sensitive-read-untrusted","security_file_permission","/usr/lib/openssh/sshd-session","-D -R -N 2",,,"714313","d29ya2VyMjoyNDMxNTEwNDM1NTA0OTY0OjcxNDMxMw==","d29ya2VyMjozMTMwOTkxNjAwMDAwMDA6MTcyMTEyMA==","[{""file_arg"":{""path"":""/etc/pam.d/common-password"",""permission"":""-rw-r--r--""},""label"":""file""},{""int_arg"":4,""label"":""mask""}]"
"2026-08-24T18:37:56.027463550Z","worker2","falco-ref-sensitive-read-untrusted","security_file_permission","/usr/lib/openssh/sshd-session","-D -R -N 2",,,"714313","d29ya2VyMjoyNDMxNTEwNDM1NTA0OTY0OjcxNDMxMw==","d29ya2VyMjozMTMwOTkxNjAwMDAwMDA6MTcyMTEyMA==","[{""file_arg"":{""path"":""/etc/pam.d/sshd"",""permission"":""-rw-r--r--""},""label"":""file""},{""int_arg"":4,""label"":""mask""}]"
"2026-08-24T18:37:56.027488110Z","worker2","falco-ref-sensitive-read-untrusted","security_file_permission","/usr/lib/openssh/sshd-session","-D -R -N 2",,,"714313","d29ya2VyMjoyNDMxNTEwNDM1NTA0OTY0OjcxNDMxMw==","d29ya2VyMjozMTMwOTkxNjAwMDAwMDA6MTcyMTEyMA==","[{""file_arg"":{""path"":""/etc/pam.d/other"",""permission"":""-rw-r--r--""},""label"":""file""},{""int_arg"":4,""label"":""mask""}]"
"2026-08-24T18:37:56.027528320Z","worker2","falco-ref-sensitive-read-untrusted","security_file_permission","/usr/lib/openssh/sshd-session","-D -R -N 2",,,"714313","d29ya2VyMjoyNDMxNTEwNDM1NTA0OTY0OjcxNDMxMw==","d29ya2VyMjozMTMwOTkxNjAwMDAwMDA6MTcyMTEyMA==","[{""file_arg"":{""path"":""/etc/pam.d/common-auth"",""permission"":""-rw-r--r--""},""label"":""file""},{""int_arg"":4,""label"":""mask""}]"
"2026-08-24T18:37:56.027556310Z","worker2","falco-ref-sensitive-read-untrusted","security_file_permission","/usr/lib/openssh/sshd-session","-D -R -N 2",,,"714313","d29ya2VyMjoyNDMxNTEwNDM1NTA0OTY0OjcxNDMxMw==","d29ya2VyMjozMTMwOTkxNjAwMDAwMDA6MTcyMTEyMA==","[{""file_arg"":{""path"":""/etc/pam.d/common-auth"",""permission"":""-rw-r--r--""},""label"":""file""},{""int_arg"":4,""label"":""mask""}]"
"2026-08-24T18:37:56.027579950Z","worker2","falco-ref-sensitive-read-untrusted","security_file_permission","/usr/lib/openssh/sshd-session","-D -R -N 2",,,"714313","d29ya2VyMjoyNDMxNTEwNDM1NTA0OTY0OjcxNDMxMw==","d29ya2VyMjozMTMwOTkxNjAwMDAwMDA6MTcyMTEyMA==","[{""file_arg"":{""path"":""/etc/pam.d/common-account"",""permission"":""-rw-r--r--""},""label"":""file""},{""int_arg"":4,""label"":""mask""}]"
"24.08.2026 18:37:56","worker2","falco-ref-sensitive-read-untrusted","security_file_permission","/usr/lib/openssh/sshd-session","-D -R -N 2",,,"714313","d29ya2VyMjoyNDMxNTEwNDM1NTA0OTY0OjcxNDMxMw==","d29ya2VyMjozMTMwOTkxNjAwMDAwMDA6MTcyMTEyMA==","[{""file_arg"":{""path"":""/etc/pam.d/common-account"",""permission"":""-rw-r--r--""},""label"":""file""},{""int_arg"":4,""label"":""mask""}]"
"2026-08-24T18:37:56.027627949Z","worker2","falco-ref-sensitive-read-untrusted","security_file_permission","/usr/lib/openssh/sshd-session","-D -R -N 2",,,"714313","d29ya2VyMjoyNDMxNTEwNDM1NTA0OTY0OjcxNDMxMw==","d29ya2VyMjozMTMwOTkxNjAwMDAwMDA6MTcyMTEyMA==","[{""file_arg"":{""path"":""/etc/pam.d/common-password"",""permission"":""-rw-r--r--""},""label"":""file""},{""int_arg"":4,""label"":""mask""}]"
"2026-08-24T18:37:56.027653459Z","worker2","falco-ref-sensitive-read-untrusted","security_file_permission","/usr/lib/openssh/sshd-session","-D -R -N 2",,,"714313","d29ya2VyMjoyNDMxNTEwNDM1NTA0OTY0OjcxNDMxMw==","d29ya2VyMjozMTMwOTkxNjAwMDAwMDA6MTcyMTEyMA==","[{""file_arg"":{""path"":""/etc/pam.d/common-password"",""permission"":""-rw-r--r--""},""label"":""file""},{""int_arg"":4,""label"":""mask""}]"
"2026-08-24T18:37:56.027676249Z","worker2","falco-ref-sensitive-read-untrusted","security_file_permission","/usr/lib/openssh/sshd-session","-D -R -N 2",,,"714313","d29ya2VyMjoyNDMxNTEwNDM1NTA0OTY0OjcxNDMxMw==","d29ya2VyMjozMTMwOTkxNjAwMDAwMDA6MTcyMTEyMA==","[{""file_arg"":{""path"":""/etc/pam.d/common-session"",""permission"":""-rw-r--r--""},""label"":""file""},{""int_arg"":4,""label"":""mask""}]"
"2026-08-24T18:37:56.027698809Z","worker2","falco-ref-sensitive-read-untrusted","security_file_permission","/usr/lib/openssh/sshd-session","-D -R -N 2",,,"714313","d29ya2VyMjoyNDMxNTEwNDM1NTA0OTY0OjcxNDMxMw==","d29ya2VyMjozMTMwOTkxNjAwMDAwMDA6MTcyMTEyMA==","[{""file_arg"":{""path"":""/etc/pam.d/common-session"",""permission"":""-rw-r--r--""},""label"":""file""},{""int_arg"":4,""label"":""mask""}]"
"2026-08-24T18:37:56.027721539Z","worker2","falco-ref-sensitive-read-untrusted","security_file_permission","/usr/lib/openssh/sshd-session","-D -R -N 2",,,"714313","d29ya2VyMjoyNDMxNTEwNDM1NTA0OTY0OjcxNDMxMw==","d29ya2VyMjozMTMwOTkxNjAwMDAwMDA6MTcyMTEyMA==","[{""file_arg"":{""path"":""/etc/pam.d/other"",""permission"":""-rw-r--r--""},""label"":""file""},{""int_arg"":4,""label"":""mask""}]"
"2026-08-24T18:37:56.865026593Z","worker2","falco-ref-sensitive-read-untrusted","security_file_permission","/usr/lib/openssh/sshd-session","-D -R -N 2",,,"714315","d29ya2VyMjoyNDMxNTExMjcxNjI4MDYxOjcxNDMxNQ==","d29ya2VyMjozMTMwOTkxNjAwMDAwMDA6MTcyMTEyMA==","[{""file_arg"":{""path"":""/etc/pam.d/sshd"",""permission"":""-rw-r--r--""},""label"":""file""},{""int_arg"":4,""label"":""mask""}]"
"2026-08-24T18:37:56.865083413Z","worker2","falco-ref-sensitive-read-untrusted","security_file_permission","/usr/lib/openssh/sshd-session","-D -R -N 2",,,"714315","d29ya2VyMjoyNDMxNTExMjcxNjI4MDYxOjcxNDMxNQ==","d29ya2VyMjozMTMwOTkxNjAwMDAwMDA6MTcyMTEyMA==","[{""file_arg"":{""path"":""/etc/pam.d/common-auth"",""permission"":""-rw-r--r--""},""label"":""file""},{""int_arg"":4,""label"":""mask""}]"
"2026-08-24T18:37:56.866017031Z","worker2","falco-ref-sensitive-read-untrusted","security_file_permission","/usr/lib/openssh/sshd-session","-D -R -N 2",,,"714315","d29ya2VyMjoyNDMxNTExMjcxNjI4MDYxOjcxNDMxNQ==","d29ya2VyMjozMTMwOTkxNjAwMDAwMDA6MTcyMTEyMA==","[{""file_arg"":{""path"":""/etc/pam.d/common-auth"",""permission"":""-rw-r--r--""},""label"":""file""},{""int_arg"":4,""label"":""mask""}]"
"24.08.2026 18:37:56","worker2","falco-ref-sensitive-read-untrusted","security_file_permission","/usr/lib/openssh/sshd-session","-D -R -N 2",,,"714315","d29ya2VyMjoyNDMxNTExMjcxNjI4MDYxOjcxNDMxNQ==","d29ya2VyMjozMTMwOTkxNjAwMDAwMDA6MTcyMTEyMA==","[{""file_arg"":{""path"":""/etc/pam.d/common-account"",""permission"":""-rw-r--r--""},""label"":""file""},{""int_arg"":4,""label"":""mask""}]"
"2026-08-24T18:37:56.866254970Z","worker2","falco-ref-sensitive-read-untrusted","security_file_permission","/usr/lib/openssh/sshd-session","-D -R -N 2",,,"714315","d29ya2VyMjoyNDMxNTExMjcxNjI4MDYxOjcxNDMxNQ==","d29ya2VyMjozMTMwOTkxNjAwMDAwMDA6MTcyMTEyMA==","[{""file_arg"":{""path"":""/etc/pam.d/common-account"",""permission"":""-rw-r--r--""},""label"":""file""},{""int_arg"":4,""label"":""mask""}]"
"2026-08-24T18:37:56.866717758Z","worker2","falco-ref-sensitive-read-untrusted","security_file_permission","/usr/lib/openssh/sshd-session","-D -R -N 2",,,"714315","d29ya2VyMjoyNDMxNTExMjcxNjI4MDYxOjcxNDMxNQ==","d29ya2VyMjozMTMwOTkxNjAwMDAwMDA6MTcyMTEyMA==","[{""file_arg"":{""path"":""/etc/pam.d/common-session"",""permission"":""-rw-r--r--""},""label"":""file""},{""int_arg"":4,""label"":""mask""}]"
"2026-08-24T18:37:56.867403847Z","worker2","falco-ref-sensitive-read-untrusted","security_file_permission","/usr/lib/openssh/sshd-session","-D -R -N 2",,,"714315","d29ya2VyMjoyNDMxNTExMjcxNjI4MDYxOjcxNDMxNQ==","d29ya2VyMjozMTMwOTkxNjAwMDAwMDA6MTcyMTEyMA==","[{""file_arg"":{""path"":""/etc/pam.d/common-session"",""permission"":""-rw-r--r--""},""label"":""file""},{""int_arg"":4,""label"":""mask""}]"
"2026-08-24T18:37:56.868408614Z","worker2","falco-ref-sensitive-read-untrusted","security_file_permission","/usr/lib/openssh/sshd-session","-D -R -N 2",,,"714315","d29ya2VyMjoyNDMxNTExMjcxNjI4MDYxOjcxNDMxNQ==","d29ya2VyMjozMTMwOTkxNjAwMDAwMDA6MTcyMTEyMA==","[{""file_arg"":{""path"":""/etc/pam.d/common-password"",""permission"":""-rw-r--r--""},""label"":""file""},{""int_arg"":4,""label"":""mask""}]"
"2026-08-24T18:37:56.868449184Z","worker2","falco-ref-sensitive-read-untrusted","security_file_permission","/usr/lib/openssh/sshd-session","-D -R -N 2",,,"714315","d29ya2VyMjoyNDMxNTExMjcxNjI4MDYxOjcxNDMxNQ==","d29ya2VyMjozMTMwOTkxNjAwMDAwMDA6MTcyMTEyMA==","[{""file_arg"":{""path"":""/etc/pam.d/common-password"",""permission"":""-rw-r--r--""},""label"":""file""},{""int_arg"":4,""label"":""mask""}]"
"2026-08-24T18:37:56.868463254Z","worker2","falco-ref-sensitive-read-untrusted","security_file_permission","/usr/lib/openssh/sshd-session","-D -R -N 2",,,"714315","d29ya2VyMjoyNDMxNTExMjcxNjI4MDYxOjcxNDMxNQ==","d29ya2VyMjozMTMwOTkxNjAwMDAwMDA6MTcyMTEyMA==","[{""file_arg"":{""path"":""/etc/pam.d/sshd"",""permission"":""-rw-r--r--""},""label"":""file""},{""int_arg"":4,""label"":""mask""}]"
"2026-08-24T18:37:56.868493564Z","worker2","falco-ref-sensitive-read-untrusted","security_file_permission","/usr/lib/openssh/sshd-session","-D -R -N 2",,,"714315","d29ya2VyMjoyNDMxNTExMjcxNjI4MDYxOjcxNDMxNQ==","d29ya2VyMjozMTMwOTkxNjAwMDAwMDA6MTcyMTEyMA==","[{""file_arg"":{""path"":""/etc/pam.d/other"",""permission"":""-rw-r--r--""},""label"":""file""},{""int_arg"":4,""label"":""mask""}]"
"2026-08-24T18:37:56.868546144Z","worker2","falco-ref-sensitive-read-untrusted","security_file_permission","/usr/lib/openssh/sshd-session","-D -R -N 2",,,"714315","d29ya2VyMjoyNDMxNTExMjcxNjI4MDYxOjcxNDMxNQ==","d29ya2VyMjozMTMwOTkxNjAwMDAwMDA6MTcyMTEyMA==","[{""file_arg"":{""path"":""/etc/pam.d/common-auth"",""permission"":""-rw-r--r--""},""label"":""file""},{""int_arg"":4,""label"":""mask""}]"
"2026-08-24T18:37:56.868581404Z","worker2","falco-ref-sensitive-read-untrusted","security_file_permission","/usr/lib/openssh/sshd-session","-D -R -N 2",,,"714315","d29ya2VyMjoyNDMxNTExMjcxNjI4MDYxOjcxNDMxNQ==","d29ya2VyMjozMTMwOTkxNjAwMDAwMDA6MTcyMTEyMA==","[{""file_arg"":{""path"":""/etc/pam.d/common-auth"",""permission"":""-rw-r--r--""},""label"":""file""},{""int_arg"":4,""label"":""mask""}]"
"2026-08-24T18:37:56.868626184Z","worker2","falco-ref-sensitive-read-untrusted","security_file_permission","/usr/lib/openssh/sshd-session","-D -R -N 2",,,"714315","d29ya2VyMjoyNDMxNTExMjcxNjI4MDYxOjcxNDMxNQ==","d29ya2VyMjozMTMwOTkxNjAwMDAwMDA6MTcyMTEyMA==","[{""file_arg"":{""path"":""/etc/pam.d/common-account"",""permission"":""-rw-r--r--""},""label"":""file""},{""int_arg"":4,""label"":""mask""}]"
"2026-08-24T18:37:56.868658074Z","worker2","falco-ref-sensitive-read-untrusted","security_file_permission","/usr/lib/openssh/sshd-session","-D -R -N 2",,,"714315","d29ya2VyMjoyNDMxNTExMjcxNjI4MDYxOjcxNDMxNQ==","d29ya2VyMjozMTMwOTkxNjAwMDAwMDA6MTcyMTEyMA==","[{""file_arg"":{""path"":""/etc/pam.d/common-account"",""permission"":""-rw-r--r--""},""label"":""file""},{""int_arg"":4,""label"":""mask""}]"
"2026-08-24T18:37:56.868702013Z","worker2","falco-ref-sensitive-read-untrusted","security_file_permission","/usr/lib/openssh/sshd-session","-D -R -N 2",,,"714315","d29ya2VyMjoyNDMxNTExMjcxNjI4MDYxOjcxNDMxNQ==","d29ya2VyMjozMTMwOTkxNjAwMDAwMDA6MTcyMTEyMA==","[{""file_arg"":{""path"":""/etc/pam.d/common-password"",""permission"":""-rw-r--r--""},""label"":""file""},{""int_arg"":4,""label"":""mask""}]"
"2026-08-24T18:37:56.868733843Z","worker2","falco-ref-sensitive-read-untrusted","security_file_permission","/usr/lib/openssh/sshd-session","-D -R -N 2",,,"714315","d29ya2VyMjoyNDMxNTExMjcxNjI4MDYxOjcxNDMxNQ==","d29ya2VyMjozMTMwOTkxNjAwMDAwMDA6MTcyMTEyMA==","[{""file_arg"":{""path"":""/etc/pam.d/common-password"",""permission"":""-rw-r--r--""},""label"":""file""},{""int_arg"":4,""label"":""mask""}]"
"2026-08-24T18:37:56.868784583Z","worker2","falco-ref-sensitive-read-untrusted","security_file_permission","/usr/lib/openssh/sshd-session","-D -R -N 2",,,"714315","d29ya2VyMjoyNDMxNTExMjcxNjI4MDYxOjcxNDMxNQ==","d29ya2VyMjozMTMwOTkxNjAwMDAwMDA6MTcyMTEyMA==","[{""file_arg"":{""path"":""/etc/pam.d/common-session"",""permission"":""-rw-r--r--""},""label"":""file""},{""int_arg"":4,""label"":""mask""}]"
"2026-08-24T18:37:56.868852443Z","worker2","falco-ref-sensitive-read-untrusted","security_file_permission","/usr/lib/openssh/sshd-session","-D -R -N 2",,,"714315","d29ya2VyMjoyNDMxNTExMjcxNjI4MDYxOjcxNDMxNQ==","d29ya2VyMjozMTMwOTkxNjAwMDAwMDA6MTcyMTEyMA==","[{""file_arg"":{""path"":""/etc/pam.d/common-session"",""permission"":""-rw-r--r--""},""label"":""file""},{""int_arg"":4,""label"":""mask""}]"
"2026-08-24T18:37:56.868880863Z","worker2","falco-ref-sensitive-read-untrusted","security_file_permission","/usr/lib/openssh/sshd-session","-D -R -N 2",,,"714315","d29ya2VyMjoyNDMxNTExMjcxNjI4MDYxOjcxNDMxNQ==","d29ya2VyMjozMTMwOTkxNjAwMDAwMDA6MTcyMTEyMA==","[{""file_arg"":{""path"":""/etc/pam.d/other"",""permission"":""-rw-r--r--""},""label"":""file""},{""int_arg"":4,""label"":""mask""}]"
"2026-08-24T18:37:57.720060230Z","worker2","falco-ref-sensitive-read-untrusted","security_file_permission","/usr/lib/openssh/sshd-session","-D -R -N 2",,,"714317","d29ya2VyMjoyNDMxNTEyMDc4NTM1NTYyOjcxNDMxNw==","d29ya2VyMjozMTMwOTkxNjAwMDAwMDA6MTcyMTEyMA==","[{""file_arg"":{""path"":""/etc/pam.d/sshd"",""permission"":""-rw-r--r--""},""label"":""file""},{""int_arg"":4,""label"":""mask""}]"
"2026-08-24T18:37:57.720131279Z","worker2","falco-ref-sensitive-read-untrusted","security_file_permission","/usr/lib/openssh/sshd-session","-D -R -N 2",,,"714317","d29ya2VyMjoyNDMxNTEyMDc4NTM1NTYyOjcxNDMxNw==","d29ya2VyMjozMTMwOTkxNjAwMDAwMDA6MTcyMTEyMA==","[{""file_arg"":{""path"":""/etc/pam.d/common-auth"",""permission"":""-rw-r--r--""},""label"":""file""},{""int_arg"":4,""label"":""mask""}]"
"2026-08-24T18:37:57.721447776Z","worker2","falco-ref-sensitive-read-untrusted","security_file_permission","/usr/lib/openssh/sshd-session","-D -R -N 2",,,"714317","d29ya2VyMjoyNDMxNTEyMDc4NTM1NTYyOjcxNDMxNw==","d29ya2VyMjozMTMwOTkxNjAwMDAwMDA6MTcyMTEyMA==","[{""file_arg"":{""path"":""/etc/pam.d/common-auth"",""permission"":""-rw-r--r--""},""label"":""file""},{""int_arg"":4,""label"":""mask""}]"
"2026-08-24T18:37:57.721716836Z","worker2","falco-ref-sensitive-read-untrusted","security_file_permission","/usr/lib/openssh/sshd-session","-D -R -N 2",,,"714317","d29ya2VyMjoyNDMxNTEyMDc4NTM1NTYyOjcxNDMxNw==","d29ya2VyMjozMTMwOTkxNjAwMDAwMDA6MTcyMTEyMA==","[{""file_arg"":{""path"":""/etc/pam.d/common-account"",""permission"":""-rw-r--r--""},""label"":""file""},{""int_arg"":4,""label"":""mask""}]"
"2026-08-24T18:37:57.721763376Z","worker2","falco-ref-sensitive-read-untrusted","security_file_permission","/usr/lib/openssh/sshd-session","-D -R -N 2",,,"714317","d29ya2VyMjoyNDMxNTEyMDc4NTM1NTYyOjcxNDMxNw==","d29ya2VyMjozMTMwOTkxNjAwMDAwMDA6MTcyMTEyMA==","[{""file_arg"":{""path"":""/etc/pam.d/common-account"",""permission"":""-rw-r--r--""},""label"":""file""},{""int_arg"":4,""label"":""mask""}]"
"2026-08-24T18:37:57.722494293Z","worker2","falco-ref-sensitive-read-untrusted","security_file_permission","/usr/lib/openssh/sshd-session","-D -R -N 2",,,"714317","d29ya2VyMjoyNDMxNTEyMDc4NTM1NTYyOjcxNDMxNw==","d29ya2VyMjozMTMwOTkxNjAwMDAwMDA6MTcyMTEyMA==","[{""file_arg"":{""path"":""/etc/pam.d/common-session"",""permission"":""-rw-r--r--""},""label"":""file""},{""int_arg"":4,""label"":""mask""}]"
"2026-08-24T18:37:57.723363971Z","worker2","falco-ref-sensitive-read-untrusted","security_file_permission","/usr/lib/openssh/sshd-session","-D -R -N 2",,,"714317","d29ya2VyMjoyNDMxNTEyMDc4NTM1NTYyOjcxNDMxNw==","d29ya2VyMjozMTMwOTkxNjAwMDAwMDA6MTcyMTEyMA==","[{""file_arg"":{""path"":""/etc/pam.d/common-session"",""permission"":""-rw-r--r--""},""label"":""file""},{""int_arg"":4,""label"":""mask""}]"
"2026-08-24T18:37:57.724659128Z","worker2","falco-ref-sensitive-read-untrusted","security_file_permission","/usr/lib/openssh/sshd-session","-D -R -N 2",,,"714317","d29ya2VyMjoyNDMxNTEyMDc4NTM1NTYyOjcxNDMxNw==","d29ya2VyMjozMTMwOTkxNjAwMDAwMDA6MTcyMTEyMA==","[{""file_arg"":{""path"":""/etc/pam.d/common-password"",""permission"":""-rw-r--r--""},""label"":""file""},{""int_arg"":4,""label"":""mask""}]"
"2026-08-24T18:37:57.724702388Z","worker2","falco-ref-sensitive-read-untrusted","security_file_permission","/usr/lib/openssh/sshd-session","-D -R -N 2",,,"714317","d29ya2VyMjoyNDMxNTEyMDc4NTM1NTYyOjcxNDMxNw==","d29ya2VyMjozMTMwOTkxNjAwMDAwMDA6MTcyMTEyMA==","[{""file_arg"":{""path"":""/etc/pam.d/common-password"",""permission"":""-rw-r--r--""},""label"":""file""},{""int_arg"":4,""label"":""mask""}]"
"2026-08-24T18:37:57.724729948Z","worker2","falco-ref-sensitive-read-untrusted","security_file_permission","/usr/lib/openssh/sshd-session","-D -R -N 2",,,"714317","d29ya2VyMjoyNDMxNTEyMDc4NTM1NTYyOjcxNDMxNw==","d29ya2VyMjozMTMwOTkxNjAwMDAwMDA6MTcyMTEyMA==","[{""file_arg"":{""path"":""/etc/pam.d/sshd"",""permission"":""-rw-r--r--""},""label"":""file""},{""int_arg"":4,""label"":""mask""}]"
"2026-08-24T18:37:57.724772778Z","worker2","falco-ref-sensitive-read-untrusted","security_file_permission","/usr/lib/openssh/sshd-session","-D -R -N 2",,,"714317","d29ya2VyMjoyNDMxNTEyMDc4NTM1NTYyOjcxNDMxNw==","d29ya2VyMjozMTMwOTkxNjAwMDAwMDA6MTcyMTEyMA==","[{""file_arg"":{""path"":""/etc/pam.d/other"",""permission"":""-rw-r--r--""},""label"":""file""},{""int_arg"":4,""label"":""mask""}]"
"2026-08-24T18:37:57.724861087Z","worker2","falco-ref-sensitive-read-untrusted","security_file_permission","/usr/lib/openssh/sshd-session","-D -R -N 2",,,"714317","d29ya2VyMjoyNDMxNTEyMDc4NTM1NTYyOjcxNDMxNw==","d29ya2VyMjozMTMwOTkxNjAwMDAwMDA6MTcyMTEyMA==","[{""file_arg"":{""path"":""/etc/pam.d/common-auth"",""permission"":""-rw-r--r--""},""label"":""file""},{""int_arg"":4,""label"":""mask""}]"
"2026-08-24T18:37:57.724911156Z","worker2","falco-ref-sensitive-read-untrusted","security_file_permission","/usr/lib/openssh/sshd-session","-D -R -N 2",,,"714317","d29ya2VyMjoyNDMxNTEyMDc4NTM1NTYyOjcxNDMxNw==","d29ya2VyMjozMTMwOTkxNjAwMDAwMDA6MTcyMTEyMA==","[{""file_arg"":{""path"":""/etc/pam.d/common-auth"",""permission"":""-rw-r--r--""},""label"":""file""},{""int_arg"":4,""label"":""mask""}]"
"2026-08-24T18:37:57.724971447Z","worker2","falco-ref-sensitive-read-untrusted","security_file_permission","/usr/lib/openssh/sshd-session","-D -R -N 2",,,"714317","d29ya2VyMjoyNDMxNTEyMDc4NTM1NTYyOjcxNDMxNw==","d29ya2VyMjozMTMwOTkxNjAwMDAwMDA6MTcyMTEyMA==","[{""file_arg"":{""path"":""/etc/pam.d/common-account"",""permission"":""-rw-r--r--""},""label"":""file""},{""int_arg"":4,""label"":""mask""}]"
"2026-08-24T18:37:57.725007637Z","worker2","falco-ref-sensitive-read-untrusted","security_file_permission","/usr/lib/openssh/sshd-session","-D -R -N 2",,,"714317","d29ya2VyMjoyNDMxNTEyMDc4NTM1NTYyOjcxNDMxNw==","d29ya2VyMjozMTMwOTkxNjAwMDAwMDA6MTcyMTEyMA==","[{""file_arg"":{""path"":""/etc/pam.d/common-account"",""permission"":""-rw-r--r--""},""label"":""file""},{""int_arg"":4,""label"":""mask""}]"
"2026-08-24T18:37:57.725047807Z","worker2","falco-ref-sensitive-read-untrusted","security_file_permission","/usr/lib/openssh/sshd-session","-D -R -N 2",,,"714317","d29ya2VyMjoyNDMxNTEyMDc4NTM1NTYyOjcxNDMxNw==","d29ya2VyMjozMTMwOTkxNjAwMDAwMDA6MTcyMTEyMA==","[{""file_arg"":{""path"":""/etc/pam.d/common-password"",""permission"":""-rw-r--r--""},""label"":""file""},{""int_arg"":4,""label"":""mask""}]"
"2026-08-24T18:37:57.725071607Z","worker2","falco-ref-sensitive-read-untrusted","security_file_permission","/usr/lib/openssh/sshd-session","-D -R -N 2",,,"714317","d29ya2VyMjoyNDMxNTEyMDc4NTM1NTYyOjcxNDMxNw==","d29ya2VyMjozMTMwOTkxNjAwMDAwMDA6MTcyMTEyMA==","[{""file_arg"":{""path"":""/etc/pam.d/common-password"",""permission"":""-rw-r--r--""},""label"":""file""},{""int_arg"":4,""label"":""mask""}]"
"2026-08-24T18:37:57.725110476Z","worker2","falco-ref-sensitive-read-untrusted","security_file_permission","/usr/lib/openssh/sshd-session","-D -R -N 2",,,"714317","d29ya2VyMjoyNDMxNTEyMDc4NTM1NTYyOjcxNDMxNw==","d29ya2VyMjozMTMwOTkxNjAwMDAwMDA6MTcyMTEyMA==","[{""file_arg"":{""path"":""/etc/pam.d/common-session"",""permission"":""-rw-r--r--""},""label"":""file""},{""int_arg"":4,""label"":""mask""}]"
"2026-08-24T18:37:57.725207077Z","worker2","falco-ref-sensitive-read-untrusted","security_file_permission","/usr/lib/openssh/sshd-session","-D -R -N 2",,,"714317","d29ya2VyMjoyNDMxNTEyMDc4NTM1NTYyOjcxNDMxNw==","d29ya2VyMjozMTMwOTkxNjAwMDAwMDA6MTcyMTEyMA==","[{""file_arg"":{""path"":""/etc/pam.d/common-session"",""permission"":""-rw-r--r--""},""label"":""file""},{""int_arg"":4,""label"":""mask""}]"
"2026-08-24T18:37:57.725191926Z","worker2","falco-ref-sensitive-read-untrusted","security_file_permission","/usr/lib/openssh/sshd-session","-D -R -N 2",,,"714317","d29ya2VyMjoyNDMxNTEyMDc4NTM1NTYyOjcxNDMxNw==","d29ya2VyMjozMTMwOTkxNjAwMDAwMDA6MTcyMTEyMA==","[{""file_arg"":{""path"":""/etc/pam.d/other"",""permission"":""-rw-r--r--""},""label"":""file""},{""int_arg"":4,""label"":""mask""}]"
"2026-08-24T18:37:58.574504330Z","worker2","falco-ref-sensitive-read-untrusted","security_file_permission","/usr/lib/openssh/sshd-session","-D -R -N 2",,,"714319","d29ya2VyMjoyNDMxNTEyOTI4MTcyMjA1OjcxNDMxOQ==","d29ya2VyMjozMTMwOTkxNjAwMDAwMDA6MTcyMTEyMA==","[{""file_arg"":{""path"":""/etc/pam.d/sshd"",""permission"":""-rw-r--r--""},""label"":""file""},{""int_arg"":4,""label"":""mask""}]"
"2026-08-24T18:37:58.574559350Z","worker2","falco-ref-sensitive-read-untrusted","security_file_permission","/usr/lib/openssh/sshd-session","-D -R -N 2",,,"714319","d29ya2VyMjoyNDMxNTEyOTI4MTcyMjA1OjcxNDMxOQ==","d29ya2VyMjozMTMwOTkxNjAwMDAwMDA6MTcyMTEyMA==","[{""file_arg"":{""path"":""/etc/pam.d/common-auth"",""permission"":""-rw-r--r--""},""label"":""file""},{""int_arg"":4,""label"":""mask""}]"
"2026-08-24T18:37:58.575505408Z","worker2","falco-ref-sensitive-read-untrusted","security_file_permission","/usr/lib/openssh/sshd-session","-D -R -N 2",,,"714319","d29ya2VyMjoyNDMxNTEyOTI4MTcyMjA1OjcxNDMxOQ==","d29ya2VyMjozMTMwOTkxNjAwMDAwMDA6MTcyMTEyMA==","[{""file_arg"":{""path"":""/etc/pam.d/common-auth"",""permission"":""-rw-r--r--""},""label"":""file""},{""int_arg"":4,""label"":""mask""}]"
"2026-08-24T18:37:58.575696277Z","worker2","falco-ref-sensitive-read-untrusted","security_file_permission","/usr/lib/openssh/sshd-session","-D -R -N 2",,,"714319","d29ya2VyMjoyNDMxNTEyOTI4MTcyMjA1OjcxNDMxOQ==","d29ya2VyMjozMTMwOTkxNjAwMDAwMDA6MTcyMTEyMA==","[{""file_arg"":{""path"":""/etc/pam.d/common-account"",""permission"":""-rw-r--r--""},""label"":""file""},{""int_arg"":4,""label"":""mask""}]"
"2026-08-24T18:37:58.575735177Z","worker2","falco-ref-sensitive-read-untrusted","security_file_permission","/usr/lib/openssh/sshd-session","-D -R -N 2",,,"714319","d29ya2VyMjoyNDMxNTEyOTI4MTcyMjA1OjcxNDMxOQ==","d29ya2VyMjozMTMwOTkxNjAwMDAwMDA6MTcyMTEyMA==","[{""file_arg"":{""path"":""/etc/pam.d/common-account"",""permission"":""-rw-r--r--""},""label"":""file""},{""int_arg"":4,""label"":""mask""}]"
"2026-08-24T18:37:58.576393796Z","worker2","falco-ref-sensitive-read-untrusted","security_file_permission","/usr/lib/openssh/sshd-session","-D -R -N 2",,,"714319","d29ya2VyMjoyNDMxNTEyOTI4MTcyMjA1OjcxNDMxOQ==","d29ya2VyMjozMTMwOTkxNjAwMDAwMDA6MTcyMTEyMA==","[{""file_arg"":{""path"":""/etc/pam.d/common-session"",""permission"":""-rw-r--r--""},""label"":""file""},{""int_arg"":4,""label"":""mask""}]"
"2026-08-24T18:37:58.577047313Z","worker2","falco-ref-sensitive-read-untrusted","security_file_permission","/usr/lib/openssh/sshd-session","-D -R -N 2",,,"714319","d29ya2VyMjoyNDMxNTEyOTI4MTcyMjA1OjcxNDMxOQ==","d29ya2VyMjozMTMwOTkxNjAwMDAwMDA6MTcyMTEyMA==","[{""file_arg"":{""path"":""/etc/pam.d/common-session"",""permission"":""-rw-r--r--""},""label"":""file""},{""int_arg"":4,""label"":""mask""}]"
"2026-08-24T18:37:58.578087391Z","worker2","falco-ref-sensitive-read-untrusted","security_file_permission","/usr/lib/openssh/sshd-session","-D -R -N 2",,,"714319","d29ya2VyMjoyNDMxNTEyOTI4MTcyMjA1OjcxNDMxOQ==","d29ya2VyMjozMTMwOTkxNjAwMDAwMDA6MTcyMTEyMA==","[{""file_arg"":{""path"":""/etc/pam.d/common-password"",""permission"":""-rw-r--r--""},""label"":""file""},{""int_arg"":4,""label"":""mask""}]"
"2026-08-24T18:37:58.578127711Z","worker2","falco-ref-sensitive-read-untrusted","security_file_permission","/usr/lib/openssh/sshd-session","-D -R -N 2",,,"714319","d29ya2VyMjoyNDMxNTEyOTI4MTcyMjA1OjcxNDMxOQ==","d29ya2VyMjozMTMwOTkxNjAwMDAwMDA6MTcyMTEyMA==","[{""file_arg"":{""path"":""/etc/pam.d/common-password"",""permission"":""-rw-r--r--""},""label"":""file""},{""int_arg"":4,""label"":""mask""}]"
"2026-08-24T18:37:58.578149611Z","worker2","falco-ref-sensitive-read-untrusted","security_file_permission","/usr/lib/openssh/sshd-session","-D -R -N 2",,,"714319","d29ya2VyMjoyNDMxNTEyOTI4MTcyMjA1OjcxNDMxOQ==","d29ya2VyMjozMTMwOTkxNjAwMDAwMDA6MTcyMTEyMA==","[{""file_arg"":{""path"":""/etc/pam.d/sshd"",""permission"":""-rw-r--r--""},""label"":""file""},{""int_arg"":4,""label"":""mask""}]"
"2026-08-24T18:37:58.578196970Z","worker2","falco-ref-sensitive-read-untrusted","security_file_permission","/usr/lib/openssh/sshd-session","-D -R -N 2",,,"714319","d29ya2VyMjoyNDMxNTEyOTI4MTcyMjA1OjcxNDMxOQ==","d29ya2VyMjozMTMwOTkxNjAwMDAwMDA6MTcyMTEyMA==","[{""file_arg"":{""path"":""/etc/pam.d/other"",""permission"":""-rw-r--r--""},""label"":""file""},{""int_arg"":4,""label"":""mask""}]"
"2026-08-24T18:37:58.578245770Z","worker2","falco-ref-sensitive-read-untrusted","security_file_permission","/usr/lib/openssh/sshd-session","-D -R -N 2",,,"714319","d29ya2VyMjoyNDMxNTEyOTI4MTcyMjA1OjcxNDMxOQ==","d29ya2VyMjozMTMwOTkxNjAwMDAwMDA6MTcyMTEyMA==","[{""file_arg"":{""path"":""/etc/pam.d/common-auth"",""permission"":""-rw-r--r--""},""label"":""file""},{""int_arg"":4,""label"":""mask""}]"
"2026-08-24T18:37:58.578280400Z","worker2","falco-ref-sensitive-read-untrusted","security_file_permission","/usr/lib/openssh/sshd-session","-D -R -N 2",,,"714319","d29ya2VyMjoyNDMxNTEyOTI4MTcyMjA1OjcxNDMxOQ==","d29ya2VyMjozMTMwOTkxNjAwMDAwMDA6MTcyMTEyMA==","[{""file_arg"":{""path"":""/etc/pam.d/common-auth"",""permission"":""-rw-r--r--""},""label"":""file""},{""int_arg"":4,""label"":""mask""}]"
"2026-08-24T18:37:58.578348160Z","worker2","falco-ref-sensitive-read-untrusted","security_file_permission","/usr/lib/openssh/sshd-session","-D -R -N 2",,,"714319","d29ya2VyMjoyNDMxNTEyOTI4MTcyMjA1OjcxNDMxOQ==","d29ya2VyMjozMTMwOTkxNjAwMDAwMDA6MTcyMTEyMA==","[{""file_arg"":{""path"":""/etc/pam.d/common-account"",""permission"":""-rw-r--r--""},""label"":""file""},{""int_arg"":4,""label"":""mask""}]"
"2026-08-24T18:37:58.578376240Z","worker2","falco-ref-sensitive-read-untrusted","security_file_permission","/usr/lib/openssh/sshd-session","-D -R -N 2",,,"714319","d29ya2VyMjoyNDMxNTEyOTI4MTcyMjA1OjcxNDMxOQ==","d29ya2VyMjozMTMwOTkxNjAwMDAwMDA6MTcyMTEyMA==","[{""file_arg"":{""path"":""/etc/pam.d/common-account"",""permission"":""-rw-r--r--""},""label"":""file""},{""int_arg"":4,""label"":""mask""}]"
"2026-08-24T18:37:58.578405940Z","worker2","falco-ref-sensitive-read-untrusted","security_file_permission","/usr/lib/openssh/sshd-session","-D -R -N 2",,,"714319","d29ya2VyMjoyNDMxNTEyOTI4MTcyMjA1OjcxNDMxOQ==","d29ya2VyMjozMTMwOTkxNjAwMDAwMDA6MTcyMTEyMA==","[{""file_arg"":{""path"":""/etc/pam.d/common-password"",""permission"":""-rw-r--r--""},""label"":""file""},{""int_arg"":4,""label"":""mask""}]"
"2026-08-24T18:37:58.578422950Z","worker2","falco-ref-sensitive-read-untrusted","security_file_permission","/usr/lib/openssh/sshd-session","-D -R -N 2",,,"714319","d29ya2VyMjoyNDMxNTEyOTI4MTcyMjA1OjcxNDMxOQ==","d29ya2VyMjozMTMwOTkxNjAwMDAwMDA6MTcyMTEyMA==","[{""file_arg"":{""path"":""/etc/pam.d/common-password"",""permission"":""-rw-r--r--""},""label"":""file""},{""int_arg"":4,""label"":""mask""}]"
"2026-08-24T18:37:58.578452280Z","worker2","falco-ref-sensitive-read-untrusted","security_file_permission","/usr/lib/openssh/sshd-session","-D -R -N 2",,,"714319","d29ya2VyMjoyNDMxNTEyOTI4MTcyMjA1OjcxNDMxOQ==","d29ya2VyMjozMTMwOTkxNjAwMDAwMDA6MTcyMTEyMA==","[{""file_arg"":{""path"":""/etc/pam.d/common-session"",""permission"":""-rw-r--r--""},""label"":""file""},{""int_arg"":4,""label"":""mask""}]"
"2026-08-24T18:37:58.578497109Z","worker2","falco-ref-sensitive-read-untrusted","security_file_permission","/usr/lib/openssh/sshd-session","-D -R -N 2",,,"714319","d29ya2VyMjoyNDMxNTEyOTI4MTcyMjA1OjcxNDMxOQ==","d29ya2VyMjozMTMwOTkxNjAwMDAwMDA6MTcyMTEyMA==","[{""file_arg"":{""path"":""/etc/pam.d/common-session"",""permission"":""-rw-r--r--""},""label"":""file""},{""int_arg"":4,""label"":""mask""}]"
"2026-08-24T18:37:58.578519069Z","worker2","falco-ref-sensitive-read-untrusted","security_file_permission","/usr/lib/openssh/sshd-session","-D -R -N 2",,,"714319","d29ya2VyMjoyNDMxNTEyOTI4MTcyMjA1OjcxNDMxOQ==","d29ya2VyMjozMTMwOTkxNjAwMDAwMDA6MTcyMTEyMA==","[{""file_arg"":{""path"":""/etc/pam.d/other"",""permission"":""-rw-r--r--""},""label"":""file""},{""int_arg"":4,""label"":""mask""}]"
"2026-08-24T18:37:59.375941668Z","worker2","falco-ref-sensitive-read-untrusted","security_file_permission","/usr/lib/openssh/sshd-session","-D -R -N 2",,,"714321","d29ya2VyMjoyNDMxNTEzNzg5ODYyOTU2OjcxNDMyMQ==","d29ya2VyMjozMTMwOTkxNjAwMDAwMDA6MTcyMTEyMA==","[{""file_arg"":{""path"":""/etc/pam.d/sshd"",""permission"":""-rw-r--r--""},""label"":""file""},{""int_arg"":4,""label"":""mask""}]"
"2026-08-24T18:37:59.376000487Z","worker2","falco-ref-sensitive-read-untrusted","security_file_permission","/usr/lib/openssh/sshd-session","-D -R -N 2",,,"714321","d29ya2VyMjoyNDMxNTEzNzg5ODYyOTU2OjcxNDMyMQ==","d29ya2VyMjozMTMwOTkxNjAwMDAwMDA6MTcyMTEyMA==","[{""file_arg"":{""path"":""/etc/pam.d/common-auth"",""permission"":""-rw-r--r--""},""label"":""file""},{""int_arg"":4,""label"":""mask""}]"
"2026-08-24T18:37:59.377088105Z","worker2","falco-ref-sensitive-read-untrusted","security_file_permission","/usr/lib/openssh/sshd-session","-D -R -N 2",,,"714321","d29ya2VyMjoyNDMxNTEzNzg5ODYyOTU2OjcxNDMyMQ==","d29ya2VyMjozMTMwOTkxNjAwMDAwMDA6MTcyMTEyMA==","[{""file_arg"":{""path"":""/etc/pam.d/common-auth"",""permission"":""-rw-r--r--""},""label"":""file""},{""int_arg"":4,""label"":""mask""}]"
"2026-08-24T18:37:59.377297084Z","worker2","falco-ref-sensitive-read-untrusted","security_file_permission","/usr/lib/openssh/sshd-session","-D -R -N 2",,,"714321","d29ya2VyMjoyNDMxNTEzNzg5ODYyOTU2OjcxNDMyMQ==","d29ya2VyMjozMTMwOTkxNjAwMDAwMDA6MTcyMTEyMA==","[{""file_arg"":{""path"":""/etc/pam.d/common-account"",""permission"":""-rw-r--r--""},""label"":""file""},{""int_arg"":4,""label"":""mask""}]"
"2026-08-24T18:37:59.377365504Z","worker2","falco-ref-sensitive-read-untrusted","security_file_permission","/usr/lib/openssh/sshd-session","-D -R -N 2",,,"714321","d29ya2VyMjoyNDMxNTEzNzg5ODYyOTU2OjcxNDMyMQ==","d29ya2VyMjozMTMwOTkxNjAwMDAwMDA6MTcyMTEyMA==","[{""file_arg"":{""path"":""/etc/pam.d/common-account"",""permission"":""-rw-r--r--""},""label"":""file""},{""int_arg"":4,""label"":""mask""}]"
"2026-08-24T18:37:59.377945572Z","worker2","falco-ref-sensitive-read-untrusted","security_file_permission","/usr/lib/openssh/sshd-session","-D -R -N 2",,,"714321","d29ya2VyMjoyNDMxNTEzNzg5ODYyOTU2OjcxNDMyMQ==","d29ya2VyMjozMTMwOTkxNjAwMDAwMDA6MTcyMTEyMA==","[{""file_arg"":{""path"":""/etc/pam.d/common-session"",""permission"":""-rw-r--r--""},""label"":""file""},{""int_arg"":4,""label"":""mask""}]"
"2026-08-24T18:37:59.378657690Z","worker2","falco-ref-sensitive-read-untrusted","security_file_permission","/usr/lib/openssh/sshd-session","-D -R -N 2",,,"714321","d29ya2VyMjoyNDMxNTEzNzg5ODYyOTU2OjcxNDMyMQ==","d29ya2VyMjozMTMwOTkxNjAwMDAwMDA6MTcyMTEyMA==","[{""file_arg"":{""path"":""/etc/pam.d/common-session"",""permission"":""-rw-r--r--""},""label"":""file""},{""int_arg"":4,""label"":""mask""}]"
"2026-08-24T18:37:59.379676518Z","worker2","falco-ref-sensitive-read-untrusted","security_file_permission","/usr/lib/openssh/sshd-session","-D -R -N 2",,,"714321","d29ya2VyMjoyNDMxNTEzNzg5ODYyOTU2OjcxNDMyMQ==","d29ya2VyMjozMTMwOTkxNjAwMDAwMDA6MTcyMTEyMA==","[{""file_arg"":{""path"":""/etc/pam.d/common-password"",""permission"":""-rw-r--r--""},""label"":""file""},{""int_arg"":4,""label"":""mask""}]"
"2026-08-24T18:37:59.379716298Z","worker2","falco-ref-sensitive-read-untrusted","security_file_permission","/usr/lib/openssh/sshd-session","-D -R -N 2",,,"714321","d29ya2VyMjoyNDMxNTEzNzg5ODYyOTU2OjcxNDMyMQ==","d29ya2VyMjozMTMwOTkxNjAwMDAwMDA6MTcyMTEyMA==","[{""file_arg"":{""path"":""/etc/pam.d/common-password"",""permission"":""-rw-r--r--""},""label"":""file""},{""int_arg"":4,""label"":""mask""}]"
"2026-08-24T18:37:59.379738487Z","worker2","falco-ref-sensitive-read-untrusted","security_file_permission","/usr/lib/openssh/sshd-session","-D -R -N 2",,,"714321","d29ya2VyMjoyNDMxNTEzNzg5ODYyOTU2OjcxNDMyMQ==","d29ya2VyMjozMTMwOTkxNjAwMDAwMDA6MTcyMTEyMA==","[{""file_arg"":{""path"":""/etc/pam.d/sshd"",""permission"":""-rw-r--r--""},""label"":""file""},{""int_arg"":4,""label"":""mask""}]"
"2026-08-24T18:37:59.379784087Z","worker2","falco-ref-sensitive-read-untrusted","security_file_permission","/usr/lib/openssh/sshd-session","-D -R -N 2",,,"714321","d29ya2VyMjoyNDMxNTEzNzg5ODYyOTU2OjcxNDMyMQ==","d29ya2VyMjozMTMwOTkxNjAwMDAwMDA6MTcyMTEyMA==","[{""file_arg"":{""path"":""/etc/pam.d/other"",""permission"":""-rw-r--r--""},""label"":""file""},{""int_arg"":4,""label"":""mask""}]"
"2026-08-24T18:37:59.379844147Z","worker2","falco-ref-sensitive-read-untrusted","security_file_permission","/usr/lib/openssh/sshd-session","-D -R -N 2",,,"714321","d29ya2VyMjoyNDMxNTEzNzg5ODYyOTU2OjcxNDMyMQ==","d29ya2VyMjozMTMwOTkxNjAwMDAwMDA6MTcyMTEyMA==","[{""file_arg"":{""path"":""/etc/pam.d/common-auth"",""permission"":""-rw-r--r--""},""label"":""file""},{""int_arg"":4,""label"":""mask""}]"
"2026-08-24T18:37:59.379879017Z","worker2","falco-ref-sensitive-read-untrusted","security_file_permission","/usr/lib/openssh/sshd-session","-D -R -N 2",,,"714321","d29ya2VyMjoyNDMxNTEzNzg5ODYyOTU2OjcxNDMyMQ==","d29ya2VyMjozMTMwOTkxNjAwMDAwMDA6MTcyMTEyMA==","[{""file_arg"":{""path"":""/etc/pam.d/common-auth"",""permission"":""-rw-r--r--""},""label"":""file""},{""int_arg"":4,""label"":""mask""}]"
"2026-08-24T18:37:59.379926137Z","worker2","falco-ref-sensitive-read-untrusted","security_file_permission","/usr/lib/openssh/sshd-session","-D -R -N 2",,,"714321","d29ya2VyMjoyNDMxNTEzNzg5ODYyOTU2OjcxNDMyMQ==","d29ya2VyMjozMTMwOTkxNjAwMDAwMDA6MTcyMTEyMA==","[{""file_arg"":{""path"":""/etc/pam.d/common-account"",""permission"":""-rw-r--r--""},""label"":""file""},{""int_arg"":4,""label"":""mask""}]"
"2026-08-24T18:37:59.379944137Z","worker2","falco-ref-sensitive-read-untrusted","security_file_permission","/usr/lib/openssh/sshd-session","-D -R -N 2",,,"714321","d29ya2VyMjoyNDMxNTEzNzg5ODYyOTU2OjcxNDMyMQ==","d29ya2VyMjozMTMwOTkxNjAwMDAwMDA6MTcyMTEyMA==","[{""file_arg"":{""path"":""/etc/pam.d/common-account"",""permission"":""-rw-r--r--""},""label"":""file""},{""int_arg"":4,""label"":""mask""}]"
"2026-08-24T18:37:59.379988347Z","worker2","falco-ref-sensitive-read-untrusted","security_file_permission","/usr/lib/openssh/sshd-session","-D -R -N 2",,,"714321","d29ya2VyMjoyNDMxNTEzNzg5ODYyOTU2OjcxNDMyMQ==","d29ya2VyMjozMTMwOTkxNjAwMDAwMDA6MTcyMTEyMA==","[{""file_arg"":{""path"":""/etc/pam.d/common-password"",""permission"":""-rw-r--r--""},""label"":""file""},{""int_arg"":4,""label"":""mask""}]"
"2026-08-24T18:37:59.380019897Z","worker2","falco-ref-sensitive-read-untrusted","security_file_permission","/usr/lib/openssh/sshd-session","-D -R -N 2",,,"714321","d29ya2VyMjoyNDMxNTEzNzg5ODYyOTU2OjcxNDMyMQ==","d29ya2VyMjozMTMwOTkxNjAwMDAwMDA6MTcyMTEyMA==","[{""file_arg"":{""path"":""/etc/pam.d/common-password"",""permission"":""-rw-r--r--""},""label"":""file""},{""int_arg"":4,""label"":""mask""}]"
"2026-08-24T18:37:59.380049666Z","worker2","falco-ref-sensitive-read-untrusted","security_file_permission","/usr/lib/openssh/sshd-session","-D -R -N 2",,,"714321","d29ya2VyMjoyNDMxNTEzNzg5ODYyOTU2OjcxNDMyMQ==","d29ya2VyMjozMTMwOTkxNjAwMDAwMDA6MTcyMTEyMA==","[{""file_arg"":{""path"":""/etc/pam.d/common-session"",""permission"":""-rw-r--r--""},""label"":""file""},{""int_arg"":4,""label"":""mask""}]"
"2026-08-24T18:37:59.380092786Z","worker2","falco-ref-sensitive-read-untrusted","security_file_permission","/usr/lib/openssh/sshd-session","-D -R -N 2",,,"714321","d29ya2VyMjoyNDMxNTEzNzg5ODYyOTU2OjcxNDMyMQ==","d29ya2VyMjozMTMwOTkxNjAwMDAwMDA6MTcyMTEyMA==","[{""file_arg"":{""path"":""/etc/pam.d/common-session"",""permission"":""-rw-r--r--""},""label"":""file""},{""int_arg"":4,""label"":""mask""}]"
"2026-08-24T18:37:59.380120106Z","worker2","falco-ref-sensitive-read-untrusted","security_file_permission","/usr/lib/openssh/sshd-session","-D -R -N 2",,,"714321","d29ya2VyMjoyNDMxNTEzNzg5ODYyOTU2OjcxNDMyMQ==","d29ya2VyMjozMTMwOTkxNjAwMDAwMDA6MTcyMTEyMA==","[{""file_arg"":{""path"":""/etc/pam.d/other"",""permission"":""-rw-r--r--""},""label"":""file""},{""int_arg"":4,""label"":""mask""}]"
"2026-08-24T18:38:00.434867248Z","worker2","falco-ref-sensitive-read-untrusted","security_file_permission","/usr/lib/openssh/sshd-session","-D -R -N 2",,,"714323","d29ya2VyMjoyNDMxNTE0NjcwNjg2NDk4OjcxNDMyMw==","d29ya2VyMjozMTMwOTkxNjAwMDAwMDA6MTcyMTEyMA==","[{""file_arg"":{""path"":""/etc/pam.d/sshd"",""permission"":""-rw-r--r--""},""label"":""file""},{""int_arg"":4,""label"":""mask""}]"
"2026-08-24T18:38:00.434907218Z","worker2","falco-ref-sensitive-read-untrusted","security_file_permission","/usr/lib/openssh/sshd-session","-D -R -N 2",,,"714323","d29ya2VyMjoyNDMxNTE0NjcwNjg2NDk4OjcxNDMyMw==","d29ya2VyMjozMTMwOTkxNjAwMDAwMDA6MTcyMTEyMA==","[{""file_arg"":{""path"":""/etc/pam.d/common-auth"",""permission"":""-rw-r--r--""},""label"":""file""},{""int_arg"":4,""label"":""mask""}]"
"2026-08-24T18:38:00.435504306Z","worker2","falco-ref-sensitive-read-untrusted","security_file_permission","/usr/lib/openssh/sshd-session","-D -R -N 2",,,"714323","d29ya2VyMjoyNDMxNTE0NjcwNjg2NDk4OjcxNDMyMw==","d29ya2VyMjozMTMwOTkxNjAwMDAwMDA6MTcyMTEyMA==","[{""file_arg"":{""path"":""/etc/pam.d/common-auth"",""permission"":""-rw-r--r--""},""label"":""file""},{""int_arg"":4,""label"":""mask""}]"
"2026-08-24T18:38:00.435608806Z","worker2","falco-ref-sensitive-read-untrusted","security_file_permission","/usr/lib/openssh/sshd-session","-D -R -N 2",,,"714323","d29ya2VyMjoyNDMxNTE0NjcwNjg2NDk4OjcxNDMyMw==","d29ya2VyMjozMTMwOTkxNjAwMDAwMDA6MTcyMTEyMA==","[{""file_arg"":{""path"":""/etc/pam.d/common-account"",""permission"":""-rw-r--r--""},""label"":""file""},{""int_arg"":4,""label"":""mask""}]"
"2026-08-24T18:38:00.435632456Z","worker2","falco-ref-sensitive-read-untrusted","security_file_permission","/usr/lib/openssh/sshd-session","-D -R -N 2",,,"714323","d29ya2VyMjoyNDMxNTE0NjcwNjg2NDk4OjcxNDMyMw==","d29ya2VyMjozMTMwOTkxNjAwMDAwMDA6MTcyMTEyMA==","[{""file_arg"":{""path"":""/etc/pam.d/common-account"",""permission"":""-rw-r--r--""},""label"":""file""},{""int_arg"":4,""label"":""mask""}]"
"2026-08-24T18:38:00.435922776Z","worker2","falco-ref-sensitive-read-untrusted","security_file_permission","/usr/lib/openssh/sshd-session","-D -R -N 2",,,"714323","d29ya2VyMjoyNDMxNTE0NjcwNjg2NDk4OjcxNDMyMw==","d29ya2VyMjozMTMwOTkxNjAwMDAwMDA6MTcyMTEyMA==","[{""file_arg"":{""path"":""/etc/pam.d/common-session"",""permission"":""-rw-r--r--""},""label"":""file""},{""int_arg"":4,""label"":""mask""}]"
"2026-08-24T18:38:00.436318624Z","worker2","falco-ref-sensitive-read-untrusted","security_file_permission","/usr/lib/openssh/sshd-session","-D -R -N 2",,,"714323","d29ya2VyMjoyNDMxNTE0NjcwNjg2NDk4OjcxNDMyMw==","d29ya2VyMjozMTMwOTkxNjAwMDAwMDA6MTcyMTEyMA==","[{""file_arg"":{""path"":""/etc/pam.d/common-session"",""permission"":""-rw-r--r--""},""label"":""file""},{""int_arg"":4,""label"":""mask""}]"
"2026-08-24T18:38:00.436766483Z","worker2","falco-ref-sensitive-read-untrusted","security_file_permission","/usr/lib/openssh/sshd-session","-D -R -N 2",,,"714323","d29ya2VyMjoyNDMxNTE0NjcwNjg2NDk4OjcxNDMyMw==","d29ya2VyMjozMTMwOTkxNjAwMDAwMDA6MTcyMTEyMA==","[{""file_arg"":{""path"":""/etc/pam.d/common-password"",""permission"":""-rw-r--r--""},""label"":""file""},{""int_arg"":4,""label"":""mask""}]"
"2026-08-24T18:38:00.436789553Z","worker2","falco-ref-sensitive-read-untrusted","security_file_permission","/usr/lib/openssh/sshd-session","-D -R -N 2",,,"714323","d29ya2VyMjoyNDMxNTE0NjcwNjg2NDk4OjcxNDMyMw==","d29ya2VyMjozMTMwOTkxNjAwMDAwMDA6MTcyMTEyMA==","[{""file_arg"":{""path"":""/etc/pam.d/common-password"",""permission"":""-rw-r--r--""},""label"":""file""},{""int_arg"":4,""label"":""mask""}]"
"2026-08-24T18:38:00.436796013Z","worker2","falco-ref-sensitive-read-untrusted","security_file_permission","/usr/lib/openssh/sshd-session","-D -R -N 2",,,"714323","d29ya2VyMjoyNDMxNTE0NjcwNjg2NDk4OjcxNDMyMw==","d29ya2VyMjozMTMwOTkxNjAwMDAwMDA6MTcyMTEyMA==","[{""file_arg"":{""path"":""/etc/pam.d/sshd"",""permission"":""-rw-r--r--""},""label"":""file""},{""int_arg"":4,""label"":""mask""}]"
"2026-08-24T18:38:00.436818713Z","worker2","falco-ref-sensitive-read-untrusted","security_file_permission","/usr/lib/openssh/sshd-session","-D -R -N 2",,,"714323","d29ya2VyMjoyNDMxNTE0NjcwNjg2NDk4OjcxNDMyMw==","d29ya2VyMjozMTMwOTkxNjAwMDAwMDA6MTcyMTEyMA==","[{""file_arg"":{""path"":""/etc/pam.d/other"",""permission"":""-rw-r--r--""},""label"":""file""},{""int_arg"":4,""label"":""mask""}]"
"2026-08-24T18:38:00.436855862Z","worker2","falco-ref-sensitive-read-untrusted","security_file_permission","/usr/lib/openssh/sshd-session","-D -R -N 2",,,"714323","d29ya2VyMjoyNDMxNTE0NjcwNjg2NDk4OjcxNDMyMw==","d29ya2VyMjozMTMwOTkxNjAwMDAwMDA6MTcyMTEyMA==","[{""file_arg"":{""path"":""/etc/pam.d/common-auth"",""permission"":""-rw-r--r--""},""label"":""file""},{""int_arg"":4,""label"":""mask""}]"
"2026-08-24T18:38:00.436865602Z","worker2","falco-ref-sensitive-read-untrusted","security_file_permission","/usr/lib/openssh/sshd-session","-D -R -N 2",,,"714323","d29ya2VyMjoyNDMxNTE0NjcwNjg2NDk4OjcxNDMyMw==","d29ya2VyMjozMTMwOTkxNjAwMDAwMDA6MTcyMTEyMA==","[{""file_arg"":{""path"":""/etc/pam.d/common-auth"",""permission"":""-rw-r--r--""},""label"":""file""},{""int_arg"":4,""label"":""mask""}]"
"2026-08-24T18:38:00.436877932Z","worker2","falco-ref-sensitive-read-untrusted","security_file_permission","/usr/lib/openssh/sshd-session","-D -R -N 2",,,"714323","d29ya2VyMjoyNDMxNTE0NjcwNjg2NDk4OjcxNDMyMw==","d29ya2VyMjozMTMwOTkxNjAwMDAwMDA6MTcyMTEyMA==","[{""file_arg"":{""path"":""/etc/pam.d/common-account"",""permission"":""-rw-r--r--""},""label"":""file""},{""int_arg"":4,""label"":""mask""}]"
"2026-08-24T18:38:00.436885522Z","worker2","falco-ref-sensitive-read-untrusted","security_file_permission","/usr/lib/openssh/sshd-session","-D -R -N 2",,,"714323","d29ya2VyMjoyNDMxNTE0NjcwNjg2NDk4OjcxNDMyMw==","d29ya2VyMjozMTMwOTkxNjAwMDAwMDA6MTcyMTEyMA==","[{""file_arg"":{""path"":""/etc/pam.d/common-account"",""permission"":""-rw-r--r--""},""label"":""file""},{""int_arg"":4,""label"":""mask""}]"
"2026-08-24T18:38:00.436903452Z","worker2","falco-ref-sensitive-read-untrusted","security_file_permission","/usr/lib/openssh/sshd-session","-D -R -N 2",,,"714323","d29ya2VyMjoyNDMxNTE0NjcwNjg2NDk4OjcxNDMyMw==","d29ya2VyMjozMTMwOTkxNjAwMDAwMDA6MTcyMTEyMA==","[{""file_arg"":{""path"":""/etc/pam.d/common-password"",""permission"":""-rw-r--r--""},""label"":""file""},{""int_arg"":4,""label"":""mask""}]"
"2026-08-24T18:38:00.436910902Z","worker2","falco-ref-sensitive-read-untrusted","security_file_permission","/usr/lib/openssh/sshd-session","-D -R -N 2",,,"714323","d29ya2VyMjoyNDMxNTE0NjcwNjg2NDk4OjcxNDMyMw==","d29ya2VyMjozMTMwOTkxNjAwMDAwMDA6MTcyMTEyMA==","[{""file_arg"":{""path"":""/etc/pam.d/common-password"",""permission"":""-rw-r--r--""},""label"":""file""},{""int_arg"":4,""label"":""mask""}]"
"2026-08-24T18:38:00.436929262Z","worker2","falco-ref-sensitive-read-untrusted","security_file_permission","/usr/lib/openssh/sshd-session","-D -R -N 2",,,"714323","d29ya2VyMjoyNDMxNTE0NjcwNjg2NDk4OjcxNDMyMw==","d29ya2VyMjozMTMwOTkxNjAwMDAwMDA6MTcyMTEyMA==","[{""file_arg"":{""path"":""/etc/pam.d/common-session"",""permission"":""-rw-r--r--""},""label"":""file""},{""int_arg"":4,""label"":""mask""}]"
"2026-08-24T18:38:00.436941392Z","worker2","falco-ref-sensitive-read-untrusted","security_file_permission","/usr/lib/openssh/sshd-session","-D -R -N 2",,,"714323","d29ya2VyMjoyNDMxNTE0NjcwNjg2NDk4OjcxNDMyMw==","d29ya2VyMjozMTMwOTkxNjAwMDAwMDA6MTcyMTEyMA==","[{""file_arg"":{""path"":""/etc/pam.d/common-session"",""permission"":""-rw-r--r--""},""label"":""file""},{""int_arg"":4,""label"":""mask""}]"
"2026-08-24T18:38:00.436946752Z","worker2","falco-ref-sensitive-read-untrusted","security_file_permission","/usr/lib/openssh/sshd-session","-D -R -N 2",,,"714323","d29ya2VyMjoyNDMxNTE0NjcwNjg2NDk4OjcxNDMyMw==","d29ya2VyMjozMTMwOTkxNjAwMDAwMDA6MTcyMTEyMA==","[{""file_arg"":{""path"":""/etc/pam.d/other"",""permission"":""-rw-r--r--""},""label"":""file""},{""int_arg"":4,""label"":""mask""}]"
"2026-08-24T18:38:01.252607822Z","worker2","falco-ref-sensitive-read-untrusted","security_file_permission","/usr/lib/openssh/sshd-session","-D -R -N 2",,,"714325","d29ya2VyMjoyNDMxNTE1NjQ0OTY4Nzc3OjcxNDMyNQ==","d29ya2VyMjozMTMwOTkxNjAwMDAwMDA6MTcyMTEyMA==","[{""file_arg"":{""path"":""/etc/pam.d/sshd"",""permission"":""-rw-r--r--""},""label"":""file""},{""int_arg"":4,""label"":""mask""}]"
"2026-08-24T18:38:01.252682602Z","worker2","falco-ref-sensitive-read-untrusted","security_file_permission","/usr/lib/openssh/sshd-session","-D -R -N 2",,,"714325","d29ya2VyMjoyNDMxNTE1NjQ0OTY4Nzc3OjcxNDMyNQ==","d29ya2VyMjozMTMwOTkxNjAwMDAwMDA6MTcyMTEyMA==","[{""file_arg"":{""path"":""/etc/pam.d/common-auth"",""permission"":""-rw-r--r--""},""label"":""file""},{""int_arg"":4,""label"":""mask""}]"
"2026-08-24T18:38:01.253954639Z","worker2","falco-ref-sensitive-read-untrusted","security_file_permission","/usr/lib/openssh/sshd-session","-D -R -N 2",,,"714325","d29ya2VyMjoyNDMxNTE1NjQ0OTY4Nzc3OjcxNDMyNQ==","d29ya2VyMjozMTMwOTkxNjAwMDAwMDA6MTcyMTEyMA==","[{""file_arg"":{""path"":""/etc/pam.d/common-auth"",""permission"":""-rw-r--r--""},""label"":""file""},{""int_arg"":4,""label"":""mask""}]"
"2026-08-24T18:38:01.254242528Z","worker2","falco-ref-sensitive-read-untrusted","security_file_permission","/usr/lib/openssh/sshd-session","-D -R -N 2",,,"714325","d29ya2VyMjoyNDMxNTE1NjQ0OTY4Nzc3OjcxNDMyNQ==","d29ya2VyMjozMTMwOTkxNjAwMDAwMDA6MTcyMTEyMA==","[{""file_arg"":{""path"":""/etc/pam.d/common-account"",""permission"":""-rw-r--r--""},""label"":""file""},{""int_arg"":4,""label"":""mask""}]"
"2026-08-24T18:38:01.254393117Z","worker2","falco-ref-sensitive-read-untrusted","security_file_permission","/usr/lib/openssh/sshd-session","-D -R -N 2",,,"714325","d29ya2VyMjoyNDMxNTE1NjQ0OTY4Nzc3OjcxNDMyNQ==","d29ya2VyMjozMTMwOTkxNjAwMDAwMDA6MTcyMTEyMA==","[{""file_arg"":{""path"":""/etc/pam.d/common-account"",""permission"":""-rw-r--r--""},""label"":""file""},{""int_arg"":4,""label"":""mask""}]"
"2026-08-24T18:38:01.255057426Z","worker2","falco-ref-sensitive-read-untrusted","security_file_permission","/usr/lib/openssh/sshd-session","-D -R -N 2",,,"714325","d29ya2VyMjoyNDMxNTE1NjQ0OTY4Nzc3OjcxNDMyNQ==","d29ya2VyMjozMTMwOTkxNjAwMDAwMDA6MTcyMTEyMA==","[{""file_arg"":{""path"":""/etc/pam.d/common-session"",""permission"":""-rw-r--r--""},""label"":""file""},{""int_arg"":4,""label"":""mask""}]"
"2026-08-24T18:38:01.256064743Z","worker2","falco-ref-sensitive-read-untrusted","security_file_permission","/usr/lib/openssh/sshd-session","-D -R -N 2",,,"714325","d29ya2VyMjoyNDMxNTE1NjQ0OTY4Nzc3OjcxNDMyNQ==","d29ya2VyMjozMTMwOTkxNjAwMDAwMDA6MTcyMTEyMA==","[{""file_arg"":{""path"":""/etc/pam.d/common-session"",""permission"":""-rw-r--r--""},""label"":""file""},{""int_arg"":4,""label"":""mask""}]"
"2026-08-24T18:38:01.257458710Z","worker2","falco-ref-sensitive-read-untrusted","security_file_permission","/usr/lib/openssh/sshd-session","-D -R -N 2",,,"714325","d29ya2VyMjoyNDMxNTE1NjQ0OTY4Nzc3OjcxNDMyNQ==","d29ya2VyMjozMTMwOTkxNjAwMDAwMDA6MTcyMTEyMA==","[{""file_arg"":{""path"":""/etc/pam.d/common-password"",""permission"":""-rw-r--r--""},""label"":""file""},{""int_arg"":4,""label"":""mask""}]"
"2026-08-24T18:38:01.257501960Z","worker2","falco-ref-sensitive-read-untrusted","security_file_permission","/usr/lib/openssh/sshd-session","-D -R -N 2",,,"714325","d29ya2VyMjoyNDMxNTE1NjQ0OTY4Nzc3OjcxNDMyNQ==","d29ya2VyMjozMTMwOTkxNjAwMDAwMDA6MTcyMTEyMA==","[{""file_arg"":{""path"":""/etc/pam.d/common-password"",""permission"":""-rw-r--r--""},""label"":""file""},{""int_arg"":4,""label"":""mask""}]"
"2026-08-24T18:38:01.257525179Z","worker2","falco-ref-sensitive-read-untrusted","security_file_permission","/usr/lib/openssh/sshd-session","-D -R -N 2",,,"714325","d29ya2VyMjoyNDMxNTE1NjQ0OTY4Nzc3OjcxNDMyNQ==","d29ya2VyMjozMTMwOTkxNjAwMDAwMDA6MTcyMTEyMA==","[{""file_arg"":{""path"":""/etc/pam.d/sshd"",""permission"":""-rw-r--r--""},""label"":""file""},{""int_arg"":4,""label"":""mask""}]"
"2026-08-24T18:38:01.257563789Z","worker2","falco-ref-sensitive-read-untrusted","security_file_permission","/usr/lib/openssh/sshd-session","-D -R -N 2",,,"714325","d29ya2VyMjoyNDMxNTE1NjQ0OTY4Nzc3OjcxNDMyNQ==","d29ya2VyMjozMTMwOTkxNjAwMDAwMDA6MTcyMTEyMA==","[{""file_arg"":{""path"":""/etc/pam.d/other"",""permission"":""-rw-r--r--""},""label"":""file""},{""int_arg"":4,""label"":""mask""}]"
"2026-08-24T18:38:01.257627959Z","worker2","falco-ref-sensitive-read-untrusted","security_file_permission","/usr/lib/openssh/sshd-session","-D -R -N 2",,,"714325","d29ya2VyMjoyNDMxNTE1NjQ0OTY4Nzc3OjcxNDMyNQ==","d29ya2VyMjozMTMwOTkxNjAwMDAwMDA6MTcyMTEyMA==","[{""file_arg"":{""path"":""/etc/pam.d/common-auth"",""permission"":""-rw-r--r--""},""label"":""file""},{""int_arg"":4,""label"":""mask""}]"
"2026-08-24T18:38:01.257668809Z","worker2","falco-ref-sensitive-read-untrusted","security_file_permission","/usr/lib/openssh/sshd-session","-D -R -N 2",,,"714325","d29ya2VyMjoyNDMxNTE1NjQ0OTY4Nzc3OjcxNDMyNQ==","d29ya2VyMjozMTMwOTkxNjAwMDAwMDA6MTcyMTEyMA==","[{""file_arg"":{""path"":""/etc/pam.d/common-auth"",""permission"":""-rw-r--r--""},""label"":""file""},{""int_arg"":4,""label"":""mask""}]"
"2026-08-24T18:38:01.257727719Z","worker2","falco-ref-sensitive-read-untrusted","security_file_permission","/usr/lib/openssh/sshd-session","-D -R -N 2",,,"714325","d29ya2VyMjoyNDMxNTE1NjQ0OTY4Nzc3OjcxNDMyNQ==","d29ya2VyMjozMTMwOTkxNjAwMDAwMDA6MTcyMTEyMA==","[{""file_arg"":{""path"":""/etc/pam.d/common-account"",""permission"":""-rw-r--r--""},""label"":""file""},{""int_arg"":4,""label"":""mask""}]"
"2026-08-24T18:38:01.257770169Z","worker2","falco-ref-sensitive-read-untrusted","security_file_permission","/usr/lib/openssh/sshd-session","-D -R -N 2",,,"714325","d29ya2VyMjoyNDMxNTE1NjQ0OTY4Nzc3OjcxNDMyNQ==","d29ya2VyMjozMTMwOTkxNjAwMDAwMDA6MTcyMTEyMA==","[{""file_arg"":{""path"":""/etc/pam.d/common-account"",""permission"":""-rw-r--r--""},""label"":""file""},{""int_arg"":4,""label"":""mask""}]"
"2026-08-24T18:38:01.257829578Z","worker2","falco-ref-sensitive-read-untrusted","security_file_permission","/usr/lib/openssh/sshd-session","-D -R -N 2",,,"714325","d29ya2VyMjoyNDMxNTE1NjQ0OTY4Nzc3OjcxNDMyNQ==","d29ya2VyMjozMTMwOTkxNjAwMDAwMDA6MTcyMTEyMA==","[{""file_arg"":{""path"":""/etc/pam.d/common-password"",""permission"":""-rw-r--r--""},""label"":""file""},{""int_arg"":4,""label"":""mask""}]"
"2026-08-24T18:38:01.257872188Z","worker2","falco-ref-sensitive-read-untrusted","security_file_permission","/usr/lib/openssh/sshd-session","-D -R -N 2",,,"714325","d29ya2VyMjoyNDMxNTE1NjQ0OTY4Nzc3OjcxNDMyNQ==","d29ya2VyMjozMTMwOTkxNjAwMDAwMDA6MTcyMTEyMA==","[{""file_arg"":{""path"":""/etc/pam.d/common-password"",""permission"":""-rw-r--r--""},""label"":""file""},{""int_arg"":4,""label"":""mask""}]"
"2026-08-24T18:38:01.257912388Z","worker2","falco-ref-sensitive-read-untrusted","security_file_permission","/usr/lib/openssh/sshd-session","-D -R -N 2",,,"714325","d29ya2VyMjoyNDMxNTE1NjQ0OTY4Nzc3OjcxNDMyNQ==","d29ya2VyMjozMTMwOTkxNjAwMDAwMDA6MTcyMTEyMA==","[{""file_arg"":{""path"":""/etc/pam.d/common-session"",""permission"":""-rw-r--r--""},""label"":""file""},{""int_arg"":4,""label"":""mask""}]"
"2026-08-24T18:38:01.257962838Z","worker2","falco-ref-sensitive-read-untrusted","security_file_permission","/usr/lib/openssh/sshd-session","-D -R -N 2",,,"714325","d29ya2VyMjoyNDMxNTE1NjQ0OTY4Nzc3OjcxNDMyNQ==","d29ya2VyMjozMTMwOTkxNjAwMDAwMDA6MTcyMTEyMA==","[{""file_arg"":{""path"":""/etc/pam.d/common-session"",""permission"":""-rw-r--r--""},""label"":""file""},{""int_arg"":4,""label"":""mask""}]"
"2026-08-24T18:38:01.257996228Z","worker2","falco-ref-sensitive-read-untrusted","security_file_permission","/usr/lib/openssh/sshd-session","-D -R -N 2",,,"714325","d29ya2VyMjoyNDMxNTE1NjQ0OTY4Nzc3OjcxNDMyNQ==","d29ya2VyMjozMTMwOTkxNjAwMDAwMDA6MTcyMTEyMA==","[{""file_arg"":{""path"":""/etc/pam.d/other"",""permission"":""-rw-r--r--""},""label"":""file""},{""int_arg"":4,""label"":""mask""}]"
"2026-08-24T18:38:02.058994796Z","worker2","falco-ref-sensitive-read-untrusted","security_file_permission","/usr/lib/openssh/sshd-session","-D -R -N 2",,,"714353","d29ya2VyMjoyNDMxNTE2NDYwNjU4ODQ3OjcxNDM1Mw==","d29ya2VyMjozMTMwOTkxNjAwMDAwMDA6MTcyMTEyMA==","[{""file_arg"":{""path"":""/etc/pam.d/sshd"",""permission"":""-rw-r--r--""},""label"":""file""},{""int_arg"":4,""label"":""mask""}]"
"2026-08-24T18:38:02.059065026Z","worker2","falco-ref-sensitive-read-untrusted","security_file_permission","/usr/lib/openssh/sshd-session","-D -R -N 2",,,"714353","d29ya2VyMjoyNDMxNTE2NDYwNjU4ODQ3OjcxNDM1Mw==","d29ya2VyMjozMTMwOTkxNjAwMDAwMDA6MTcyMTEyMA==","[{""file_arg"":{""path"":""/etc/pam.d/common-auth"",""permission"":""-rw-r--r--""},""label"":""file""},{""int_arg"":4,""label"":""mask""}]"
"2026-08-24T18:38:02.060158512Z","worker2","falco-ref-sensitive-read-untrusted","security_file_permission","/usr/lib/openssh/sshd-session","-D -R -N 2",,,"714353","d29ya2VyMjoyNDMxNTE2NDYwNjU4ODQ3OjcxNDM1Mw==","d29ya2VyMjozMTMwOTkxNjAwMDAwMDA6MTcyMTEyMA==","[{""file_arg"":{""path"":""/etc/pam.d/common-auth"",""permission"":""-rw-r--r--""},""label"":""file""},{""int_arg"":4,""label"":""mask""}]"
"2026-08-24T18:38:02.060472232Z","worker2","falco-ref-sensitive-read-untrusted","security_file_permission","/usr/lib/openssh/sshd-session","-D -R -N 2",,,"714353","d29ya2VyMjoyNDMxNTE2NDYwNjU4ODQ3OjcxNDM1Mw==","d29ya2VyMjozMTMwOTkxNjAwMDAwMDA6MTcyMTEyMA==","[{""file_arg"":{""path"":""/etc/pam.d/common-account"",""permission"":""-rw-r--r--""},""label"":""file""},{""int_arg"":4,""label"":""mask""}]"
"2026-08-24T18:38:02.060536412Z","worker2","falco-ref-sensitive-read-untrusted","security_file_permission","/usr/lib/openssh/sshd-session","-D -R -N 2",,,"714353","d29ya2VyMjoyNDMxNTE2NDYwNjU4ODQ3OjcxNDM1Mw==","d29ya2VyMjozMTMwOTkxNjAwMDAwMDA6MTcyMTEyMA==","[{""file_arg"":{""path"":""/etc/pam.d/common-account"",""permission"":""-rw-r--r--""},""label"":""file""},{""int_arg"":4,""label"":""mask""}]"
"2026-08-24T18:38:02.061085881Z","worker2","falco-ref-sensitive-read-untrusted","security_file_permission","/usr/lib/openssh/sshd-session","-D -R -N 2",,,"714353","d29ya2VyMjoyNDMxNTE2NDYwNjU4ODQ3OjcxNDM1Mw==","d29ya2VyMjozMTMwOTkxNjAwMDAwMDA6MTcyMTEyMA==","[{""file_arg"":{""path"":""/etc/pam.d/common-session"",""permission"":""-rw-r--r--""},""label"":""file""},{""int_arg"":4,""label"":""mask""}]"
"2026-08-24T18:38:02.062381787Z","worker2","falco-ref-sensitive-read-untrusted","security_file_permission","/usr/lib/openssh/sshd-session","-D -R -N 2",,,"714353","d29ya2VyMjoyNDMxNTE2NDYwNjU4ODQ3OjcxNDM1Mw==","d29ya2VyMjozMTMwOTkxNjAwMDAwMDA6MTcyMTEyMA==","[{""file_arg"":{""path"":""/etc/pam.d/common-session"",""permission"":""-rw-r--r--""},""label"":""file""},{""int_arg"":4,""label"":""mask""}]"
"2026-08-24T18:38:02.063527875Z","worker2","falco-ref-sensitive-read-untrusted","security_file_permission","/usr/lib/openssh/sshd-session","-D -R -N 2",,,"714353","d29ya2VyMjoyNDMxNTE2NDYwNjU4ODQ3OjcxNDM1Mw==","d29ya2VyMjozMTMwOTkxNjAwMDAwMDA6MTcyMTEyMA==","[{""file_arg"":{""path"":""/etc/pam.d/common-password"",""permission"":""-rw-r--r--""},""label"":""file""},{""int_arg"":4,""label"":""mask""}]"
"2026-08-24T18:38:02.063571544Z","worker2","falco-ref-sensitive-read-untrusted","security_file_permission","/usr/lib/openssh/sshd-session","-D -R -N 2",,,"714353","d29ya2VyMjoyNDMxNTE2NDYwNjU4ODQ3OjcxNDM1Mw==","d29ya2VyMjozMTMwOTkxNjAwMDAwMDA6MTcyMTEyMA==","[{""file_arg"":{""path"":""/etc/pam.d/common-password"",""permission"":""-rw-r--r--""},""label"":""file""},{""int_arg"":4,""label"":""mask""}]"
"2026-08-24T18:38:02.063594174Z","worker2","falco-ref-sensitive-read-untrusted","security_file_permission","/usr/lib/openssh/sshd-session","-D -R -N 2",,,"714353","d29ya2VyMjoyNDMxNTE2NDYwNjU4ODQ3OjcxNDM1Mw==","d29ya2VyMjozMTMwOTkxNjAwMDAwMDA6MTcyMTEyMA==","[{""file_arg"":{""path"":""/etc/pam.d/sshd"",""permission"":""-rw-r--r--""},""label"":""file""},{""int_arg"":4,""label"":""mask""}]"
"2026-08-24T18:38:02.063641764Z","worker2","falco-ref-sensitive-read-untrusted","security_file_permission","/usr/lib/openssh/sshd-session","-D -R -N 2",,,"714353","d29ya2VyMjoyNDMxNTE2NDYwNjU4ODQ3OjcxNDM1Mw==","d29ya2VyMjozMTMwOTkxNjAwMDAwMDA6MTcyMTEyMA==","[{""file_arg"":{""path"":""/etc/pam.d/other"",""permission"":""-rw-r--r--""},""label"":""file""},{""int_arg"":4,""label"":""mask""}]"
"2026-08-24T18:38:02.063692524Z","worker2","falco-ref-sensitive-read-untrusted","security_file_permission","/usr/lib/openssh/sshd-session","-D -R -N 2",,,"714353","d29ya2VyMjoyNDMxNTE2NDYwNjU4ODQ3OjcxNDM1Mw==","d29ya2VyMjozMTMwOTkxNjAwMDAwMDA6MTcyMTEyMA==","[{""file_arg"":{""path"":""/etc/pam.d/common-auth"",""permission"":""-rw-r--r--""},""label"":""file""},{""int_arg"":4,""label"":""mask""}]"
"2026-08-24T18:38:02.063729234Z","worker2","falco-ref-sensitive-read-untrusted","security_file_permission","/usr/lib/openssh/sshd-session","-D -R -N 2",,,"714353","d29ya2VyMjoyNDMxNTE2NDYwNjU4ODQ3OjcxNDM1Mw==","d29ya2VyMjozMTMwOTkxNjAwMDAwMDA6MTcyMTEyMA==","[{""file_arg"":{""path"":""/etc/pam.d/common-auth"",""permission"":""-rw-r--r--""},""label"":""file""},{""int_arg"":4,""label"":""mask""}]"
"2026-08-24T18:38:02.063774064Z","worker2","falco-ref-sensitive-read-untrusted","security_file_permission","/usr/lib/openssh/sshd-session","-D -R -N 2",,,"714353","d29ya2VyMjoyNDMxNTE2NDYwNjU4ODQ3OjcxNDM1Mw==","d29ya2VyMjozMTMwOTkxNjAwMDAwMDA6MTcyMTEyMA==","[{""file_arg"":{""path"":""/etc/pam.d/common-account"",""permission"":""-rw-r--r--""},""label"":""file""},{""int_arg"":4,""label"":""mask""}]"
"2026-08-24T18:38:02.063806194Z","worker2","falco-ref-sensitive-read-untrusted","security_file_permission","/usr/lib/openssh/sshd-session","-D -R -N 2",,,"714353","d29ya2VyMjoyNDMxNTE2NDYwNjU4ODQ3OjcxNDM1Mw==","d29ya2VyMjozMTMwOTkxNjAwMDAwMDA6MTcyMTEyMA==","[{""file_arg"":{""path"":""/etc/pam.d/common-account"",""permission"":""-rw-r--r--""},""label"":""file""},{""int_arg"":4,""label"":""mask""}]"
"2026-08-24T18:38:02.063855433Z","worker2","falco-ref-sensitive-read-untrusted","security_file_permission","/usr/lib/openssh/sshd-session","-D -R -N 2",,,"714353","d29ya2VyMjoyNDMxNTE2NDYwNjU4ODQ3OjcxNDM1Mw==","d29ya2VyMjozMTMwOTkxNjAwMDAwMDA6MTcyMTEyMA==","[{""file_arg"":{""path"":""/etc/pam.d/common-password"",""permission"":""-rw-r--r--""},""label"":""file""},{""int_arg"":4,""label"":""mask""}]"
"2026-08-24T18:38:02.063873803Z","worker2","falco-ref-sensitive-read-untrusted","security_file_permission","/usr/lib/openssh/sshd-session","-D -R -N 2",,,"714353","d29ya2VyMjoyNDMxNTE2NDYwNjU4ODQ3OjcxNDM1Mw==","d29ya2VyMjozMTMwOTkxNjAwMDAwMDA6MTcyMTEyMA==","[{""file_arg"":{""path"":""/etc/pam.d/common-password"",""permission"":""-rw-r--r--""},""label"":""file""},{""int_arg"":4,""label"":""mask""}]"
"2026-08-24T18:38:02.063902913Z","worker2","falco-ref-sensitive-read-untrusted","security_file_permission","/usr/lib/openssh/sshd-session","-D -R -N 2",,,"714353","d29ya2VyMjoyNDMxNTE2NDYwNjU4ODQ3OjcxNDM1Mw==","d29ya2VyMjozMTMwOTkxNjAwMDAwMDA6MTcyMTEyMA==","[{""file_arg"":{""path"":""/etc/pam.d/common-session"",""permission"":""-rw-r--r--""},""label"":""file""},{""int_arg"":4,""label"":""mask""}]"
"2026-08-24T18:38:02.063931353Z","worker2","falco-ref-sensitive-read-untrusted","security_file_permission","/usr/lib/openssh/sshd-session","-D -R -N 2",,,"714353","d29ya2VyMjoyNDMxNTE2NDYwNjU4ODQ3OjcxNDM1Mw==","d29ya2VyMjozMTMwOTkxNjAwMDAwMDA6MTcyMTEyMA==","[{""file_arg"":{""path"":""/etc/pam.d/common-session"",""permission"":""-rw-r--r--""},""label"":""file""},{""int_arg"":4,""label"":""mask""}]"
"2026-08-24T18:38:02.063944263Z","worker2","falco-ref-sensitive-read-untrusted","security_file_permission","/usr/lib/openssh/sshd-session","-D -R -N 2",,,"714353","d29ya2VyMjoyNDMxNTE2NDYwNjU4ODQ3OjcxNDM1Mw==","d29ya2VyMjozMTMwOTkxNjAwMDAwMDA6MTcyMTEyMA==","[{""file_arg"":{""path"":""/etc/pam.d/other"",""permission"":""-rw-r--r--""},""label"":""file""},{""int_arg"":4,""label"":""mask""}]"
"2026-08-24T18:38:02.924161219Z","worker2","falco-ref-sensitive-read-untrusted","security_file_permission","/usr/lib/openssh/sshd-session","-D -R -N 2",,,"714356","d29ya2VyMjoyNDMxNTE3MzI4MDU2MjMzOjcxNDM1Ng==","d29ya2VyMjozMTMwOTkxNjAwMDAwMDA6MTcyMTEyMA==","[{""file_arg"":{""path"":""/etc/pam.d/sshd"",""permission"":""-rw-r--r--""},""label"":""file""},{""int_arg"":4,""label"":""mask""}]"
"2026-08-24T18:38:02.924219029Z","worker2","falco-ref-sensitive-read-untrusted","security_file_permission","/usr/lib/openssh/sshd-session","-D -R -N 2",,,"714356","d29ya2VyMjoyNDMxNTE3MzI4MDU2MjMzOjcxNDM1Ng==","d29ya2VyMjozMTMwOTkxNjAwMDAwMDA6MTcyMTEyMA==","[{""file_arg"":{""path"":""/etc/pam.d/common-auth"",""permission"":""-rw-r--r--""},""label"":""file""},{""int_arg"":4,""label"":""mask""}]"
"2026-08-24T18:38:02.925350255Z","worker2","falco-ref-sensitive-read-untrusted","security_file_permission","/usr/lib/openssh/sshd-session","-D -R -N 2",,,"714356","d29ya2VyMjoyNDMxNTE3MzI4MDU2MjMzOjcxNDM1Ng==","d29ya2VyMjozMTMwOTkxNjAwMDAwMDA6MTcyMTEyMA==","[{""file_arg"":{""path"":""/etc/pam.d/common-auth"",""permission"":""-rw-r--r--""},""label"":""file""},{""int_arg"":4,""label"":""mask""}]"
"2026-08-24T18:38:02.925548845Z","worker2","falco-ref-sensitive-read-untrusted","security_file_permission","/usr/lib/openssh/sshd-session","-D -R -N 2",,,"714356","d29ya2VyMjoyNDMxNTE3MzI4MDU2MjMzOjcxNDM1Ng==","d29ya2VyMjozMTMwOTkxNjAwMDAwMDA6MTcyMTEyMA==","[{""file_arg"":{""path"":""/etc/pam.d/common-account"",""permission"":""-rw-r--r--""},""label"":""file""},{""int_arg"":4,""label"":""mask""}]"
"2026-08-24T18:38:02.925593545Z","worker2","falco-ref-sensitive-read-untrusted","security_file_permission","/usr/lib/openssh/sshd-session","-D -R -N 2",,,"714356","d29ya2VyMjoyNDMxNTE3MzI4MDU2MjMzOjcxNDM1Ng==","d29ya2VyMjozMTMwOTkxNjAwMDAwMDA6MTcyMTEyMA==","[{""file_arg"":{""path"":""/etc/pam.d/common-account"",""permission"":""-rw-r--r--""},""label"":""file""},{""int_arg"":4,""label"":""mask""}]"
"2026-08-24T18:38:02.926092404Z","worker2","falco-ref-sensitive-read-untrusted","security_file_permission","/usr/lib/openssh/sshd-session","-D -R -N 2",,,"714356","d29ya2VyMjoyNDMxNTE3MzI4MDU2MjMzOjcxNDM1Ng==","d29ya2VyMjozMTMwOTkxNjAwMDAwMDA6MTcyMTEyMA==","[{""file_arg"":{""path"":""/etc/pam.d/common-session"",""permission"":""-rw-r--r--""},""label"":""file""},{""int_arg"":4,""label"":""mask""}]"
"2026-08-24T18:38:02.926773332Z","worker2","falco-ref-sensitive-read-untrusted","security_file_permission","/usr/lib/openssh/sshd-session","-D -R -N 2",,,"714356","d29ya2VyMjoyNDMxNTE3MzI4MDU2MjMzOjcxNDM1Ng==","d29ya2VyMjozMTMwOTkxNjAwMDAwMDA6MTcyMTEyMA==","[{""file_arg"":{""path"":""/etc/pam.d/common-session"",""permission"":""-rw-r--r--""},""label"":""file""},{""int_arg"":4,""label"":""mask""}]"
"2026-08-24T18:38:02.927871409Z","worker2","falco-ref-sensitive-read-untrusted","security_file_permission","/usr/lib/openssh/sshd-session","-D -R -N 2",,,"714356","d29ya2VyMjoyNDMxNTE3MzI4MDU2MjMzOjcxNDM1Ng==","d29ya2VyMjozMTMwOTkxNjAwMDAwMDA6MTcyMTEyMA==","[{""file_arg"":{""path"":""/etc/pam.d/common-password"",""permission"":""-rw-r--r--""},""label"":""file""},{""int_arg"":4,""label"":""mask""}]"
"2026-08-24T18:38:02.927913189Z","worker2","falco-ref-sensitive-read-untrusted","security_file_permission","/usr/lib/openssh/sshd-session","-D -R -N 2",,,"714356","d29ya2VyMjoyNDMxNTE3MzI4MDU2MjMzOjcxNDM1Ng==","d29ya2VyMjozMTMwOTkxNjAwMDAwMDA6MTcyMTEyMA==","[{""file_arg"":{""path"":""/etc/pam.d/common-password"",""permission"":""-rw-r--r--""},""label"":""file""},{""int_arg"":4,""label"":""mask""}]"
"2026-08-24T18:38:02.927943399Z","worker2","falco-ref-sensitive-read-untrusted","security_file_permission","/usr/lib/openssh/sshd-session","-D -R -N 2",,,"714356","d29ya2VyMjoyNDMxNTE3MzI4MDU2MjMzOjcxNDM1Ng==","d29ya2VyMjozMTMwOTkxNjAwMDAwMDA6MTcyMTEyMA==","[{""file_arg"":{""path"":""/etc/pam.d/sshd"",""permission"":""-rw-r--r--""},""label"":""file""},{""int_arg"":4,""label"":""mask""}]"
"2026-08-24T18:38:02.927991589Z","worker2","falco-ref-sensitive-read-untrusted","security_file_permission","/usr/lib/openssh/sshd-session","-D -R -N 2",,,"714356","d29ya2VyMjoyNDMxNTE3MzI4MDU2MjMzOjcxNDM1Ng==","d29ya2VyMjozMTMwOTkxNjAwMDAwMDA6MTcyMTEyMA==","[{""file_arg"":{""path"":""/etc/pam.d/other"",""permission"":""-rw-r--r--""},""label"":""file""},{""int_arg"":4,""label"":""mask""}]"
"2026-08-24T18:38:02.928026669Z","worker2","falco-ref-sensitive-read-untrusted","security_file_permission","/usr/lib/openssh/sshd-session","-D -R -N 2",,,"714356","d29ya2VyMjoyNDMxNTE3MzI4MDU2MjMzOjcxNDM1Ng==","d29ya2VyMjozMTMwOTkxNjAwMDAwMDA6MTcyMTEyMA==","[{""file_arg"":{""path"":""/etc/pam.d/common-auth"",""permission"":""-rw-r--r--""},""label"":""file""},{""int_arg"":4,""label"":""mask""}]"
"2026-08-24T18:38:02.928064349Z","worker2","falco-ref-sensitive-read-untrusted","security_file_permission","/usr/lib/openssh/sshd-session","-D -R -N 2",,,"714356","d29ya2VyMjoyNDMxNTE3MzI4MDU2MjMzOjcxNDM1Ng==","d29ya2VyMjozMTMwOTkxNjAwMDAwMDA6MTcyMTEyMA==","[{""file_arg"":{""path"":""/etc/pam.d/common-auth"",""permission"":""-rw-r--r--""},""label"":""file""},{""int_arg"":4,""label"":""mask""}]"
"2026-08-24T18:38:02.928105209Z","worker2","falco-ref-sensitive-read-untrusted","security_file_permission","/usr/lib/openssh/sshd-session","-D -R -N 2",,,"714356","d29ya2VyMjoyNDMxNTE3MzI4MDU2MjMzOjcxNDM1Ng==","d29ya2VyMjozMTMwOTkxNjAwMDAwMDA6MTcyMTEyMA==","[{""file_arg"":{""path"":""/etc/pam.d/common-account"",""permission"":""-rw-r--r--""},""label"":""file""},{""int_arg"":4,""label"":""mask""}]"
"2026-08-24T18:38:02.928149748Z","worker2","falco-ref-sensitive-read-untrusted","security_file_permission","/usr/lib/openssh/sshd-session","-D -R -N 2",,,"714356","d29ya2VyMjoyNDMxNTE3MzI4MDU2MjMzOjcxNDM1Ng==","d29ya2VyMjozMTMwOTkxNjAwMDAwMDA6MTcyMTEyMA==","[{""file_arg"":{""path"":""/etc/pam.d/common-account"",""permission"":""-rw-r--r--""},""label"":""file""},{""int_arg"":4,""label"":""mask""}]"
"2026-08-24T18:38:02.928197608Z","worker2","falco-ref-sensitive-read-untrusted","security_file_permission","/usr/lib/openssh/sshd-session","-D -R -N 2",,,"714356","d29ya2VyMjoyNDMxNTE3MzI4MDU2MjMzOjcxNDM1Ng==","d29ya2VyMjozMTMwOTkxNjAwMDAwMDA6MTcyMTEyMA==","[{""file_arg"":{""path"":""/etc/pam.d/common-password"",""permission"":""-rw-r--r--""},""label"":""file""},{""int_arg"":4,""label"":""mask""}]"
"2026-08-24T18:38:02.928215208Z","worker2","falco-ref-sensitive-read-untrusted","security_file_permission","/usr/lib/openssh/sshd-session","-D -R -N 2",,,"714356","d29ya2VyMjoyNDMxNTE3MzI4MDU2MjMzOjcxNDM1Ng==","d29ya2VyMjozMTMwOTkxNjAwMDAwMDA6MTcyMTEyMA==","[{""file_arg"":{""path"":""/etc/pam.d/common-password"",""permission"":""-rw-r--r--""},""label"":""file""},{""int_arg"":4,""label"":""mask""}]"
"2026-08-24T18:38:02.928243998Z","worker2","falco-ref-sensitive-read-untrusted","security_file_permission","/usr/lib/openssh/sshd-session","-D -R -N 2",,,"714356","d29ya2VyMjoyNDMxNTE3MzI4MDU2MjMzOjcxNDM1Ng==","d29ya2VyMjozMTMwOTkxNjAwMDAwMDA6MTcyMTEyMA==","[{""file_arg"":{""path"":""/etc/pam.d/common-session"",""permission"":""-rw-r--r--""},""label"":""file""},{""int_arg"":4,""label"":""mask""}]"
"2026-08-24T18:38:02.928273638Z","worker2","falco-ref-sensitive-read-untrusted","security_file_permission","/usr/lib/openssh/sshd-session","-D -R -N 2",,,"714356","d29ya2VyMjoyNDMxNTE3MzI4MDU2MjMzOjcxNDM1Ng==","d29ya2VyMjozMTMwOTkxNjAwMDAwMDA6MTcyMTEyMA==","[{""file_arg"":{""path"":""/etc/pam.d/common-session"",""permission"":""-rw-r--r--""},""label"":""file""},{""int_arg"":4,""label"":""mask""}]"
"2026-08-24T18:38:02.928299028Z","worker2","falco-ref-sensitive-read-untrusted","security_file_permission","/usr/lib/openssh/sshd-session","-D -R -N 2",,,"714356","d29ya2VyMjoyNDMxNTE3MzI4MDU2MjMzOjcxNDM1Ng==","d29ya2VyMjozMTMwOTkxNjAwMDAwMDA6MTcyMTEyMA==","[{""file_arg"":{""path"":""/etc/pam.d/other"",""permission"":""-rw-r--r--""},""label"":""file""},{""int_arg"":4,""label"":""mask""}]"
"2026-08-24T18:38:03.843438521Z","worker2","falco-ref-sensitive-read-untrusted","security_file_permission","/usr/lib/openssh/sshd-session","-D -R -N 2",,,"714359","d29ya2VyMjoyNDMxNTE4MTU0NzM2NTk2OjcxNDM1OQ==","d29ya2VyMjozMTMwOTkxNjAwMDAwMDA6MTcyMTEyMA==","[{""file_arg"":{""path"":""/etc/pam.d/sshd"",""permission"":""-rw-r--r--""},""label"":""file""},{""int_arg"":4,""label"":""mask""}]"
"2026-08-24T18:38:03.843491680Z","worker2","falco-ref-sensitive-read-untrusted","security_file_permission","/usr/lib/openssh/sshd-session","-D -R -N 2",,,"714359","d29ya2VyMjoyNDMxNTE4MTU0NzM2NTk2OjcxNDM1OQ==","d29ya2VyMjozMTMwOTkxNjAwMDAwMDA6MTcyMTEyMA==","[{""file_arg"":{""path"":""/etc/pam.d/common-auth"",""permission"":""-rw-r--r--""},""label"":""file""},{""int_arg"":4,""label"":""mask""}]"
"2026-08-24T18:38:03.844482058Z","worker2","falco-ref-sensitive-read-untrusted","security_file_permission","/usr/lib/openssh/sshd-session","-D -R -N 2",,,"714359","d29ya2VyMjoyNDMxNTE4MTU0NzM2NTk2OjcxNDM1OQ==","d29ya2VyMjozMTMwOTkxNjAwMDAwMDA6MTcyMTEyMA==","[{""file_arg"":{""path"":""/etc/pam.d/common-auth"",""permission"":""-rw-r--r--""},""label"":""file""},{""int_arg"":4,""label"":""mask""}]"
"2026-08-24T18:38:03.844679257Z","worker2","falco-ref-sensitive-read-untrusted","security_file_permission","/usr/lib/openssh/sshd-session","-D -R -N 2",,,"714359","d29ya2VyMjoyNDMxNTE4MTU0NzM2NTk2OjcxNDM1OQ==","d29ya2VyMjozMTMwOTkxNjAwMDAwMDA6MTcyMTEyMA==","[{""file_arg"":{""path"":""/etc/pam.d/common-account"",""permission"":""-rw-r--r--""},""label"":""file""},{""int_arg"":4,""label"":""mask""}]"
"2026-08-24T18:38:03.844718357Z","worker2","falco-ref-sensitive-read-untrusted","security_file_permission","/usr/lib/openssh/sshd-session","-D -R -N 2",,,"714359","d29ya2VyMjoyNDMxNTE4MTU0NzM2NTk2OjcxNDM1OQ==","d29ya2VyMjozMTMwOTkxNjAwMDAwMDA6MTcyMTEyMA==","[{""file_arg"":{""path"":""/etc/pam.d/common-account"",""permission"":""-rw-r--r--""},""label"":""file""},{""int_arg"":4,""label"":""mask""}]"
"2026-08-24T18:38:03.845208046Z","worker2","falco-ref-sensitive-read-untrusted","security_file_permission","/usr/lib/openssh/sshd-session","-D -R -N 2",,,"714359","d29ya2VyMjoyNDMxNTE4MTU0NzM2NTk2OjcxNDM1OQ==","d29ya2VyMjozMTMwOTkxNjAwMDAwMDA6MTcyMTEyMA==","[{""file_arg"":{""path"":""/etc/pam.d/common-session"",""permission"":""-rw-r--r--""},""label"":""file""},{""int_arg"":4,""label"":""mask""}]"
"2026-08-24T18:38:03.845903554Z","worker2","falco-ref-sensitive-read-untrusted","security_file_permission","/usr/lib/openssh/sshd-session","-D -R -N 2",,,"714359","d29ya2VyMjoyNDMxNTE4MTU0NzM2NTk2OjcxNDM1OQ==","d29ya2VyMjozMTMwOTkxNjAwMDAwMDA6MTcyMTEyMA==","[{""file_arg"":{""path"":""/etc/pam.d/common-session"",""permission"":""-rw-r--r--""},""label"":""file""},{""int_arg"":4,""label"":""mask""}]"
"2026-08-24T18:38:03.846930092Z","worker2","falco-ref-sensitive-read-untrusted","security_file_permission","/usr/lib/openssh/sshd-session","-D -R -N 2",,,"714359","d29ya2VyMjoyNDMxNTE4MTU0NzM2NTk2OjcxNDM1OQ==","d29ya2VyMjozMTMwOTkxNjAwMDAwMDA6MTcyMTEyMA==","[{""file_arg"":{""path"":""/etc/pam.d/common-password"",""permission"":""-rw-r--r--""},""label"":""file""},{""int_arg"":4,""label"":""mask""}]"
"2026-08-24T18:38:03.846969671Z","worker2","falco-ref-sensitive-read-untrusted","security_file_permission","/usr/lib/openssh/sshd-session","-D -R -N 2",,,"714359","d29ya2VyMjoyNDMxNTE4MTU0NzM2NTk2OjcxNDM1OQ==","d29ya2VyMjozMTMwOTkxNjAwMDAwMDA6MTcyMTEyMA==","[{""file_arg"":{""path"":""/etc/pam.d/common-password"",""permission"":""-rw-r--r--""},""label"":""file""},{""int_arg"":4,""label"":""mask""}]"
"2026-08-24T18:38:03.846984181Z","worker2","falco-ref-sensitive-read-untrusted","security_file_permission","/usr/lib/openssh/sshd-session","-D -R -N 2",,,"714359","d29ya2VyMjoyNDMxNTE4MTU0NzM2NTk2OjcxNDM1OQ==","d29ya2VyMjozMTMwOTkxNjAwMDAwMDA6MTcyMTEyMA==","[{""file_arg"":{""path"":""/etc/pam.d/sshd"",""permission"":""-rw-r--r--""},""label"":""file""},{""int_arg"":4,""label"":""mask""}]"
"2026-08-24T18:38:03.847014551Z","worker2","falco-ref-sensitive-read-untrusted","security_file_permission","/usr/lib/openssh/sshd-session","-D -R -N 2",,,"714359","d29ya2VyMjoyNDMxNTE4MTU0NzM2NTk2OjcxNDM1OQ==","d29ya2VyMjozMTMwOTkxNjAwMDAwMDA6MTcyMTEyMA==","[{""file_arg"":{""path"":""/etc/pam.d/other"",""permission"":""-rw-r--r--""},""label"":""file""},{""int_arg"":4,""label"":""mask""}]"
"2026-08-24T18:38:03.847063521Z","worker2","falco-ref-sensitive-read-untrusted","security_file_permission","/usr/lib/openssh/sshd-session","-D -R -N 2",,,"714359","d29ya2VyMjoyNDMxNTE4MTU0NzM2NTk2OjcxNDM1OQ==","d29ya2VyMjozMTMwOTkxNjAwMDAwMDA6MTcyMTEyMA==","[{""file_arg"":{""path"":""/etc/pam.d/common-auth"",""permission"":""-rw-r--r--""},""label"":""file""},{""int_arg"":4,""label"":""mask""}]"
"2026-08-24T18:38:03.847098781Z","worker2","falco-ref-sensitive-read-untrusted","security_file_permission","/usr/lib/openssh/sshd-session","-D -R -N 2",,,"714359","d29ya2VyMjoyNDMxNTE4MTU0NzM2NTk2OjcxNDM1OQ==","d29ya2VyMjozMTMwOTkxNjAwMDAwMDA6MTcyMTEyMA==","[{""file_arg"":{""path"":""/etc/pam.d/common-auth"",""permission"":""-rw-r--r--""},""label"":""file""},{""int_arg"":4,""label"":""mask""}]"
"2026-08-24T18:38:03.847136491Z","worker2","falco-ref-sensitive-read-untrusted","security_file_permission","/usr/lib/openssh/sshd-session","-D -R -N 2",,,"714359","d29ya2VyMjoyNDMxNTE4MTU0NzM2NTk2OjcxNDM1OQ==","d29ya2VyMjozMTMwOTkxNjAwMDAwMDA6MTcyMTEyMA==","[{""file_arg"":{""path"":""/etc/pam.d/common-account"",""permission"":""-rw-r--r--""},""label"":""file""},{""int_arg"":4,""label"":""mask""}]"
"2026-08-24T18:38:03.847167701Z","worker2","falco-ref-sensitive-read-untrusted","security_file_permission","/usr/lib/openssh/sshd-session","-D -R -N 2",,,"714359","d29ya2VyMjoyNDMxNTE4MTU0NzM2NTk2OjcxNDM1OQ==","d29ya2VyMjozMTMwOTkxNjAwMDAwMDA6MTcyMTEyMA==","[{""file_arg"":{""path"":""/etc/pam.d/common-account"",""permission"":""-rw-r--r--""},""label"":""file""},{""int_arg"":4,""label"":""mask""}]"
"2026-08-24T18:38:03.847196831Z","worker2","falco-ref-sensitive-read-untrusted","security_file_permission","/usr/lib/openssh/sshd-session","-D -R -N 2",,,"714359","d29ya2VyMjoyNDMxNTE4MTU0NzM2NTk2OjcxNDM1OQ==","d29ya2VyMjozMTMwOTkxNjAwMDAwMDA6MTcyMTEyMA==","[{""file_arg"":{""path"":""/etc/pam.d/common-password"",""permission"":""-rw-r--r--""},""label"":""file""},{""int_arg"":4,""label"":""mask""}]"
"2026-08-24T18:38:03.847227551Z","worker2","falco-ref-sensitive-read-untrusted","security_file_permission","/usr/lib/openssh/sshd-session","-D -R -N 2",,,"714359","d29ya2VyMjoyNDMxNTE4MTU0NzM2NTk2OjcxNDM1OQ==","d29ya2VyMjozMTMwOTkxNjAwMDAwMDA6MTcyMTEyMA==","[{""file_arg"":{""path"":""/etc/pam.d/common-password"",""permission"":""-rw-r--r--""},""label"":""file""},{""int_arg"":4,""label"":""mask""}]"
"2026-08-24T18:38:03.847256511Z","worker2","falco-ref-sensitive-read-untrusted","security_file_permission","/usr/lib/openssh/sshd-session","-D -R -N 2",,,"714359","d29ya2VyMjoyNDMxNTE4MTU0NzM2NTk2OjcxNDM1OQ==","d29ya2VyMjozMTMwOTkxNjAwMDAwMDA6MTcyMTEyMA==","[{""file_arg"":{""path"":""/etc/pam.d/common-session"",""permission"":""-rw-r--r--""},""label"":""file""},{""int_arg"":4,""label"":""mask""}]"
"2026-08-24T18:38:03.847298281Z","worker2","falco-ref-sensitive-read-untrusted","security_file_permission","/usr/lib/openssh/sshd-session","-D -R -N 2",,,"714359","d29ya2VyMjoyNDMxNTE4MTU0NzM2NTk2OjcxNDM1OQ==","d29ya2VyMjozMTMwOTkxNjAwMDAwMDA6MTcyMTEyMA==","[{""file_arg"":{""path"":""/etc/pam.d/common-session"",""permission"":""-rw-r--r--""},""label"":""file""},{""int_arg"":4,""label"":""mask""}]"
"2026-08-24T18:38:03.847346261Z","worker2","falco-ref-sensitive-read-untrusted","security_file_permission","/usr/lib/openssh/sshd-session","-D -R -N 2",,,"714359","d29ya2VyMjoyNDMxNTE4MTU0NzM2NTk2OjcxNDM1OQ==","d29ya2VyMjozMTMwOTkxNjAwMDAwMDA6MTcyMTEyMA==","[{""file_arg"":{""path"":""/etc/pam.d/other"",""permission"":""-rw-r--r--""},""label"":""file""},{""int_arg"":4,""label"":""mask""}]"
"2026-08-24T18:38:04.649343787Z","worker2","falco-ref-sensitive-read-untrusted","security_file_permission","/usr/lib/openssh/sshd-session","-D -R -N 2",,,"714361","d29ya2VyMjoyNDMxNTE5MDU3NTc1NTcwOjcxNDM2MQ==","d29ya2VyMjozMTMwOTkxNjAwMDAwMDA6MTcyMTEyMA==","[{""file_arg"":{""path"":""/etc/pam.d/sshd"",""permission"":""-rw-r--r--""},""label"":""file""},{""int_arg"":4,""label"":""mask""}]"
"2026-08-24T18:38:04.649400597Z","worker2","falco-ref-sensitive-read-untrusted","security_file_permission","/usr/lib/openssh/sshd-session","-D -R -N 2",,,"714361","d29ya2VyMjoyNDMxNTE5MDU3NTc1NTcwOjcxNDM2MQ==","d29ya2VyMjozMTMwOTkxNjAwMDAwMDA6MTcyMTEyMA==","[{""file_arg"":{""path"":""/etc/pam.d/common-auth"",""permission"":""-rw-r--r--""},""label"":""file""},{""int_arg"":4,""label"":""mask""}]"
"2026-08-24T18:38:04.650450484Z","worker2","falco-ref-sensitive-read-untrusted","security_file_permission","/usr/lib/openssh/sshd-session","-D -R -N 2",,,"714361","d29ya2VyMjoyNDMxNTE5MDU3NTc1NTcwOjcxNDM2MQ==","d29ya2VyMjozMTMwOTkxNjAwMDAwMDA6MTcyMTEyMA==","[{""file_arg"":{""path"":""/etc/pam.d/common-auth"",""permission"":""-rw-r--r--""},""label"":""file""},{""int_arg"":4,""label"":""mask""}]"
"2026-08-24T18:38:04.650649233Z","worker2","falco-ref-sensitive-read-untrusted","security_file_permission","/usr/lib/openssh/sshd-session","-D -R -N 2",,,"714361","d29ya2VyMjoyNDMxNTE5MDU3NTc1NTcwOjcxNDM2MQ==","d29ya2VyMjozMTMwOTkxNjAwMDAwMDA6MTcyMTEyMA==","[{""file_arg"":{""path"":""/etc/pam.d/common-account"",""permission"":""-rw-r--r--""},""label"":""file""},{""int_arg"":4,""label"":""mask""}]"
"2026-08-24T18:38:04.650689873Z","worker2","falco-ref-sensitive-read-untrusted","security_file_permission","/usr/lib/openssh/sshd-session","-D -R -N 2",,,"714361","d29ya2VyMjoyNDMxNTE5MDU3NTc1NTcwOjcxNDM2MQ==","d29ya2VyMjozMTMwOTkxNjAwMDAwMDA6MTcyMTEyMA==","[{""file_arg"":{""path"":""/etc/pam.d/common-account"",""permission"":""-rw-r--r--""},""label"":""file""},{""int_arg"":4,""label"":""mask""}]"
"2026-08-24T18:38:04.651167672Z","worker2","falco-ref-sensitive-read-untrusted","security_file_permission","/usr/lib/openssh/sshd-session","-D -R -N 2",,,"714361","d29ya2VyMjoyNDMxNTE5MDU3NTc1NTcwOjcxNDM2MQ==","d29ya2VyMjozMTMwOTkxNjAwMDAwMDA6MTcyMTEyMA==","[{""file_arg"":{""path"":""/etc/pam.d/common-session"",""permission"":""-rw-r--r--""},""label"":""file""},{""int_arg"":4,""label"":""mask""}]"
"2026-08-24T18:38:04.651853530Z","worker2","falco-ref-sensitive-read-untrusted","security_file_permission","/usr/lib/openssh/sshd-session","-D -R -N 2",,,"714361","d29ya2VyMjoyNDMxNTE5MDU3NTc1NTcwOjcxNDM2MQ==","d29ya2VyMjozMTMwOTkxNjAwMDAwMDA6MTcyMTEyMA==","[{""file_arg"":{""path"":""/etc/pam.d/common-session"",""permission"":""-rw-r--r--""},""label"":""file""},{""int_arg"":4,""label"":""mask""}]"
"2026-08-24T18:38:04.652862878Z","worker2","falco-ref-sensitive-read-untrusted","security_file_permission","/usr/lib/openssh/sshd-session","-D -R -N 2",,,"714361","d29ya2VyMjoyNDMxNTE5MDU3NTc1NTcwOjcxNDM2MQ==","d29ya2VyMjozMTMwOTkxNjAwMDAwMDA6MTcyMTEyMA==","[{""file_arg"":{""path"":""/etc/pam.d/common-password"",""permission"":""-rw-r--r--""},""label"":""file""},{""int_arg"":4,""label"":""mask""}]"
"2026-08-24T18:38:04.652903198Z","worker2","falco-ref-sensitive-read-untrusted","security_file_permission","/usr/lib/openssh/sshd-session","-D -R -N 2",,,"714361","d29ya2VyMjoyNDMxNTE5MDU3NTc1NTcwOjcxNDM2MQ==","d29ya2VyMjozMTMwOTkxNjAwMDAwMDA6MTcyMTEyMA==","[{""file_arg"":{""path"":""/etc/pam.d/common-password"",""permission"":""-rw-r--r--""},""label"":""file""},{""int_arg"":4,""label"":""mask""}]"
"2026-08-24T18:38:04.652918298Z","worker2","falco-ref-sensitive-read-untrusted","security_file_permission","/usr/lib/openssh/sshd-session","-D -R -N 2",,,"714361","d29ya2VyMjoyNDMxNTE5MDU3NTc1NTcwOjcxNDM2MQ==","d29ya2VyMjozMTMwOTkxNjAwMDAwMDA6MTcyMTEyMA==","[{""file_arg"":{""path"":""/etc/pam.d/sshd"",""permission"":""-rw-r--r--""},""label"":""file""},{""int_arg"":4,""label"":""mask""}]"
"2026-08-24T18:38:04.652948808Z","worker2","falco-ref-sensitive-read-untrusted","security_file_permission","/usr/lib/openssh/sshd-session","-D -R -N 2",,,"714361","d29ya2VyMjoyNDMxNTE5MDU3NTc1NTcwOjcxNDM2MQ==","d29ya2VyMjozMTMwOTkxNjAwMDAwMDA6MTcyMTEyMA==","[{""file_arg"":{""path"":""/etc/pam.d/other"",""permission"":""-rw-r--r--""},""label"":""file""},{""int_arg"":4,""label"":""mask""}]"
"2026-08-24T18:38:04.652997647Z","worker2","falco-ref-sensitive-read-untrusted","security_file_permission","/usr/lib/openssh/sshd-session","-D -R -N 2",,,"714361","d29ya2VyMjoyNDMxNTE5MDU3NTc1NTcwOjcxNDM2MQ==","d29ya2VyMjozMTMwOTkxNjAwMDAwMDA6MTcyMTEyMA==","[{""file_arg"":{""path"":""/etc/pam.d/common-auth"",""permission"":""-rw-r--r--""},""label"":""file""},{""int_arg"":4,""label"":""mask""}]"
"2026-08-24T18:38:04.653027697Z","worker2","falco-ref-sensitive-read-untrusted","security_file_permission","/usr/lib/openssh/sshd-session","-D -R -N 2",,,"714361","d29ya2VyMjoyNDMxNTE5MDU3NTc1NTcwOjcxNDM2MQ==","d29ya2VyMjozMTMwOTkxNjAwMDAwMDA6MTcyMTEyMA==","[{""file_arg"":{""path"":""/etc/pam.d/common-auth"",""permission"":""-rw-r--r--""},""label"":""file""},{""int_arg"":4,""label"":""mask""}]"
"2026-08-24T18:38:04.653058567Z","worker2","falco-ref-sensitive-read-untrusted","security_file_permission","/usr/lib/openssh/sshd-session","-D -R -N 2",,,"714361","d29ya2VyMjoyNDMxNTE5MDU3NTc1NTcwOjcxNDM2MQ==","d29ya2VyMjozMTMwOTkxNjAwMDAwMDA6MTcyMTEyMA==","[{""file_arg"":{""path"":""/etc/pam.d/common-account"",""permission"":""-rw-r--r--""},""label"":""file""},{""int_arg"":4,""label"":""mask""}]"
"2026-08-24T18:38:04.653076097Z","worker2","falco-ref-sensitive-read-untrusted","security_file_permission","/usr/lib/openssh/sshd-session","-D -R -N 2",,,"714361","d29ya2VyMjoyNDMxNTE5MDU3NTc1NTcwOjcxNDM2MQ==","d29ya2VyMjozMTMwOTkxNjAwMDAwMDA6MTcyMTEyMA==","[{""file_arg"":{""path"":""/etc/pam.d/common-account"",""permission"":""-rw-r--r--""},""label"":""file""},{""int_arg"":4,""label"":""mask""}]"
"2026-08-24T18:38:04.653119647Z","worker2","falco-ref-sensitive-read-untrusted","security_file_permission","/usr/lib/openssh/sshd-session","-D -R -N 2",,,"714361","d29ya2VyMjoyNDMxNTE5MDU3NTc1NTcwOjcxNDM2MQ==","d29ya2VyMjozMTMwOTkxNjAwMDAwMDA6MTcyMTEyMA==","[{""file_arg"":{""path"":""/etc/pam.d/common-password"",""permission"":""-rw-r--r--""},""label"":""file""},{""int_arg"":4,""label"":""mask""}]"
"2026-08-24T18:38:04.653136797Z","worker2","falco-ref-sensitive-read-untrusted","security_file_permission","/usr/lib/openssh/sshd-session","-D -R -N 2",,,"714361","d29ya2VyMjoyNDMxNTE5MDU3NTc1NTcwOjcxNDM2MQ==","d29ya2VyMjozMTMwOTkxNjAwMDAwMDA6MTcyMTEyMA==","[{""file_arg"":{""path"":""/etc/pam.d/common-password"",""permission"":""-rw-r--r--""},""label"":""file""},{""int_arg"":4,""label"":""mask""}]"
"2026-08-24T18:38:04.653178446Z","worker2","falco-ref-sensitive-read-untrusted","security_file_permission","/usr/lib/openssh/sshd-session","-D -R -N 2",,,"714361","d29ya2VyMjoyNDMxNTE5MDU3NTc1NTcwOjcxNDM2MQ==","d29ya2VyMjozMTMwOTkxNjAwMDAwMDA6MTcyMTEyMA==","[{""file_arg"":{""path"":""/etc/pam.d/common-session"",""permission"":""-rw-r--r--""},""label"":""file""},{""int_arg"":4,""label"":""mask""}]"
"2026-08-24T18:38:04.653221547Z","worker2","falco-ref-sensitive-read-untrusted","security_file_permission","/usr/lib/openssh/sshd-session","-D -R -N 2",,,"714361","d29ya2VyMjoyNDMxNTE5MDU3NTc1NTcwOjcxNDM2MQ==","d29ya2VyMjozMTMwOTkxNjAwMDAwMDA6MTcyMTEyMA==","[{""file_arg"":{""path"":""/etc/pam.d/common-session"",""permission"":""-rw-r--r--""},""label"":""file""},{""int_arg"":4,""label"":""mask""}]"
"2026-08-24T18:38:04.653247677Z","worker2","falco-ref-sensitive-read-untrusted","security_file_permission","/usr/lib/openssh/sshd-session","-D -R -N 2",,,"714361","d29ya2VyMjoyNDMxNTE5MDU3NTc1NTcwOjcxNDM2MQ==","d29ya2VyMjozMTMwOTkxNjAwMDAwMDA6MTcyMTEyMA==","[{""file_arg"":{""path"":""/etc/pam.d/other"",""permission"":""-rw-r--r--""},""label"":""file""},{""int_arg"":4,""label"":""mask""}]"
"2026-08-24T18:38:05.748789813Z","worker2","falco-ref-sensitive-read-untrusted","security_file_permission","/usr/lib/openssh/sshd-session","-D -R -N 2",,,"714389","d29ya2VyMjoyNDMxNTE5OTcyMjczMTc0OjcxNDM4OQ==","d29ya2VyMjozMTMwOTkxNjAwMDAwMDA6MTcyMTEyMA==","[{""file_arg"":{""path"":""/etc/pam.d/sshd"",""permission"":""-rw-r--r--""},""label"":""file""},{""int_arg"":4,""label"":""mask""}]"
"2026-08-24T18:38:05.748851752Z","worker2","falco-ref-sensitive-read-untrusted","security_file_permission","/usr/lib/openssh/sshd-session","-D -R -N 2",,,"714389","d29ya2VyMjoyNDMxNTE5OTcyMjczMTc0OjcxNDM4OQ==","d29ya2VyMjozMTMwOTkxNjAwMDAwMDA6MTcyMTEyMA==","[{""file_arg"":{""path"":""/etc/pam.d/common-auth"",""permission"":""-rw-r--r--""},""label"":""file""},{""int_arg"":4,""label"":""mask""}]"
"2026-08-24T18:38:05.749594950Z","worker2","falco-ref-sensitive-read-untrusted","security_file_permission","/usr/lib/openssh/sshd-session","-D -R -N 2",,,"714389","d29ya2VyMjoyNDMxNTE5OTcyMjczMTc0OjcxNDM4OQ==","d29ya2VyMjozMTMwOTkxNjAwMDAwMDA6MTcyMTEyMA==","[{""file_arg"":{""path"":""/etc/pam.d/common-auth"",""permission"":""-rw-r--r--""},""label"":""file""},{""int_arg"":4,""label"":""mask""}]"
"2026-08-24T18:38:05.749748739Z","worker2","falco-ref-sensitive-read-untrusted","security_file_permission","/usr/lib/openssh/sshd-session","-D -R -N 2",,,"714389","d29ya2VyMjoyNDMxNTE5OTcyMjczMTc0OjcxNDM4OQ==","d29ya2VyMjozMTMwOTkxNjAwMDAwMDA6MTcyMTEyMA==","[{""file_arg"":{""path"":""/etc/pam.d/common-account"",""permission"":""-rw-r--r--""},""label"":""file""},{""int_arg"":4,""label"":""mask""}]"
"2026-08-24T18:38:05.749780009Z","worker2","falco-ref-sensitive-read-untrusted","security_file_permission","/usr/lib/openssh/sshd-session","-D -R -N 2",,,"714389","d29ya2VyMjoyNDMxNTE5OTcyMjczMTc0OjcxNDM4OQ==","d29ya2VyMjozMTMwOTkxNjAwMDAwMDA6MTcyMTEyMA==","[{""file_arg"":{""path"":""/etc/pam.d/common-account"",""permission"":""-rw-r--r--""},""label"":""file""},{""int_arg"":4,""label"":""mask""}]"
"2026-08-24T18:38:05.750183479Z","worker2","falco-ref-sensitive-read-untrusted","security_file_permission","/usr/lib/openssh/sshd-session","-D -R -N 2",,,"714389","d29ya2VyMjoyNDMxNTE5OTcyMjczMTc0OjcxNDM4OQ==","d29ya2VyMjozMTMwOTkxNjAwMDAwMDA6MTcyMTEyMA==","[{""file_arg"":{""path"":""/etc/pam.d/common-session"",""permission"":""-rw-r--r--""},""label"":""file""},{""int_arg"":4,""label"":""mask""}]"
"2026-08-24T18:38:05.750735327Z","worker2","falco-ref-sensitive-read-untrusted","security_file_permission","/usr/lib/openssh/sshd-session","-D -R -N 2",,,"714389","d29ya2VyMjoyNDMxNTE5OTcyMjczMTc0OjcxNDM4OQ==","d29ya2VyMjozMTMwOTkxNjAwMDAwMDA6MTcyMTEyMA==","[{""file_arg"":{""path"":""/etc/pam.d/common-session"",""permission"":""-rw-r--r--""},""label"":""file""},{""int_arg"":4,""label"":""mask""}]"
"2026-08-24T18:38:05.751568045Z","worker2","falco-ref-sensitive-read-untrusted","security_file_permission","/usr/lib/openssh/sshd-session","-D -R -N 2",,,"714389","d29ya2VyMjoyNDMxNTE5OTcyMjczMTc0OjcxNDM4OQ==","d29ya2VyMjozMTMwOTkxNjAwMDAwMDA6MTcyMTEyMA==","[{""file_arg"":{""path"":""/etc/pam.d/common-password"",""permission"":""-rw-r--r--""},""label"":""file""},{""int_arg"":4,""label"":""mask""}]"
"2026-08-24T18:38:05.751601175Z","worker2","falco-ref-sensitive-read-untrusted","security_file_permission","/usr/lib/openssh/sshd-session","-D -R -N 2",,,"714389","d29ya2VyMjoyNDMxNTE5OTcyMjczMTc0OjcxNDM4OQ==","d29ya2VyMjozMTMwOTkxNjAwMDAwMDA6MTcyMTEyMA==","[{""file_arg"":{""path"":""/etc/pam.d/common-password"",""permission"":""-rw-r--r--""},""label"":""file""},{""int_arg"":4,""label"":""mask""}]"
"2026-08-24T18:38:05.751612555Z","worker2","falco-ref-sensitive-read-untrusted","security_file_permission","/usr/lib/openssh/sshd-session","-D -R -N 2",,,"714389","d29ya2VyMjoyNDMxNTE5OTcyMjczMTc0OjcxNDM4OQ==","d29ya2VyMjozMTMwOTkxNjAwMDAwMDA6MTcyMTEyMA==","[{""file_arg"":{""path"":""/etc/pam.d/sshd"",""permission"":""-rw-r--r--""},""label"":""file""},{""int_arg"":4,""label"":""mask""}]"
"2026-08-24T18:38:05.751636455Z","worker2","falco-ref-sensitive-read-untrusted","security_file_permission","/usr/lib/openssh/sshd-session","-D -R -N 2",,,"714389","d29ya2VyMjoyNDMxNTE5OTcyMjczMTc0OjcxNDM4OQ==","d29ya2VyMjozMTMwOTkxNjAwMDAwMDA6MTcyMTEyMA==","[{""file_arg"":{""path"":""/etc/pam.d/other"",""permission"":""-rw-r--r--""},""label"":""file""},{""int_arg"":4,""label"":""mask""}]"
"2026-08-24T18:38:05.751675705Z","worker2","falco-ref-sensitive-read-untrusted","security_file_permission","/usr/lib/openssh/sshd-session","-D -R -N 2",,,"714389","d29ya2VyMjoyNDMxNTE5OTcyMjczMTc0OjcxNDM4OQ==","d29ya2VyMjozMTMwOTkxNjAwMDAwMDA6MTcyMTEyMA==","[{""file_arg"":{""path"":""/etc/pam.d/common-auth"",""permission"":""-rw-r--r--""},""label"":""file""},{""int_arg"":4,""label"":""mask""}]"
"2026-08-24T18:38:05.751703835Z","worker2","falco-ref-sensitive-read-untrusted","security_file_permission","/usr/lib/openssh/sshd-session","-D -R -N 2",,,"714389","d29ya2VyMjoyNDMxNTE5OTcyMjczMTc0OjcxNDM4OQ==","d29ya2VyMjozMTMwOTkxNjAwMDAwMDA6MTcyMTEyMA==","[{""file_arg"":{""path"":""/etc/pam.d/common-auth"",""permission"":""-rw-r--r--""},""label"":""file""},{""int_arg"":4,""label"":""mask""}]"
"2026-08-24T18:38:05.751727954Z","worker2","falco-ref-sensitive-read-untrusted","security_file_permission","/usr/lib/openssh/sshd-session","-D -R -N 2",,,"714389","d29ya2VyMjoyNDMxNTE5OTcyMjczMTc0OjcxNDM4OQ==","d29ya2VyMjozMTMwOTkxNjAwMDAwMDA6MTcyMTEyMA==","[{""file_arg"":{""path"":""/etc/pam.d/common-account"",""permission"":""-rw-r--r--""},""label"":""file""},{""int_arg"":4,""label"":""mask""}]"
"2026-08-24T18:38:05.751760234Z","worker2","falco-ref-sensitive-read-untrusted","security_file_permission","/usr/lib/openssh/sshd-session","-D -R -N 2",,,"714389","d29ya2VyMjoyNDMxNTE5OTcyMjczMTc0OjcxNDM4OQ==","d29ya2VyMjozMTMwOTkxNjAwMDAwMDA6MTcyMTEyMA==","[{""file_arg"":{""path"":""/etc/pam.d/common-account"",""permission"":""-rw-r--r--""},""label"":""file""},{""int_arg"":4,""label"":""mask""}]"
"2026-08-24T18:38:05.751782994Z","worker2","falco-ref-sensitive-read-untrusted","security_file_permission","/usr/lib/openssh/sshd-session","-D -R -N 2",,,"714389","d29ya2VyMjoyNDMxNTE5OTcyMjczMTc0OjcxNDM4OQ==","d29ya2VyMjozMTMwOTkxNjAwMDAwMDA6MTcyMTEyMA==","[{""file_arg"":{""path"":""/etc/pam.d/common-password"",""permission"":""-rw-r--r--""},""label"":""file""},{""int_arg"":4,""label"":""mask""}]"
"2026-08-24T18:38:05.751817554Z","worker2","falco-ref-sensitive-read-untrusted","security_file_permission","/usr/lib/openssh/sshd-session","-D -R -N 2",,,"714389","d29ya2VyMjoyNDMxNTE5OTcyMjczMTc0OjcxNDM4OQ==","d29ya2VyMjozMTMwOTkxNjAwMDAwMDA6MTcyMTEyMA==","[{""file_arg"":{""path"":""/etc/pam.d/common-password"",""permission"":""-rw-r--r--""},""label"":""file""},{""int_arg"":4,""label"":""mask""}]"
"2026-08-24T18:38:05.751840324Z","worker2","falco-ref-sensitive-read-untrusted","security_file_permission","/usr/lib/openssh/sshd-session","-D -R -N 2",,,"714389","d29ya2VyMjoyNDMxNTE5OTcyMjczMTc0OjcxNDM4OQ==","d29ya2VyMjozMTMwOTkxNjAwMDAwMDA6MTcyMTEyMA==","[{""file_arg"":{""path"":""/etc/pam.d/common-session"",""permission"":""-rw-r--r--""},""label"":""file""},{""int_arg"":4,""label"":""mask""}]"
"2026-08-24T18:38:05.751874994Z","worker2","falco-ref-sensitive-read-untrusted","security_file_permission","/usr/lib/openssh/sshd-session","-D -R -N 2",,,"714389","d29ya2VyMjoyNDMxNTE5OTcyMjczMTc0OjcxNDM4OQ==","d29ya2VyMjozMTMwOTkxNjAwMDAwMDA6MTcyMTEyMA==","[{""file_arg"":{""path"":""/etc/pam.d/common-session"",""permission"":""-rw-r--r--""},""label"":""file""},{""int_arg"":4,""label"":""mask""}]"
"2026-08-24T18:38:05.751894944Z","worker2","falco-ref-sensitive-read-untrusted","security_file_permission","/usr/lib/openssh/sshd-session","-D -R -N 2",,,"714389","d29ya2VyMjoyNDMxNTE5OTcyMjczMTc0OjcxNDM4OQ==","d29ya2VyMjozMTMwOTkxNjAwMDAwMDA6MTcyMTEyMA==","[{""file_arg"":{""path"":""/etc/pam.d/other"",""permission"":""-rw-r--r--""},""label"":""file""},{""int_arg"":4,""label"":""mask""}]"
"2026-08-24T18:38:06.578214257Z","worker2","falco-ref-sensitive-read-untrusted","security_file_permission","/usr/lib/openssh/sshd-session","-D -R -N 2",,,"714394","d29ya2VyMjoyNDMxNTIwOTU3NTM4NDk2OjcxNDM5NA==","d29ya2VyMjozMTMwOTkxNjAwMDAwMDA6MTcyMTEyMA==","[{""file_arg"":{""path"":""/etc/pam.d/sshd"",""permission"":""-rw-r--r--""},""label"":""file""},{""int_arg"":4,""label"":""mask""}]"
"2026-08-24T18:38:06.578270877Z","worker2","falco-ref-sensitive-read-untrusted","security_file_permission","/usr/lib/openssh/sshd-session","-D -R -N 2",,,"714394","d29ya2VyMjoyNDMxNTIwOTU3NTM4NDk2OjcxNDM5NA==","d29ya2VyMjozMTMwOTkxNjAwMDAwMDA6MTcyMTEyMA==","[{""file_arg"":{""path"":""/etc/pam.d/common-auth"",""permission"":""-rw-r--r--""},""label"":""file""},{""int_arg"":4,""label"":""mask""}]"
"2026-08-24T18:38:06.579218844Z","worker2","falco-ref-sensitive-read-untrusted","security_file_permission","/usr/lib/openssh/sshd-session","-D -R -N 2",,,"714394","d29ya2VyMjoyNDMxNTIwOTU3NTM4NDk2OjcxNDM5NA==","d29ya2VyMjozMTMwOTkxNjAwMDAwMDA6MTcyMTEyMA==","[{""file_arg"":{""path"":""/etc/pam.d/common-auth"",""permission"":""-rw-r--r--""},""label"":""file""},{""int_arg"":4,""label"":""mask""}]"
"2026-08-24T18:38:06.579468594Z","worker2","falco-ref-sensitive-read-untrusted","security_file_permission","/usr/lib/openssh/sshd-session","-D -R -N 2",,,"714394","d29ya2VyMjoyNDMxNTIwOTU3NTM4NDk2OjcxNDM5NA==","d29ya2VyMjozMTMwOTkxNjAwMDAwMDA6MTcyMTEyMA==","[{""file_arg"":{""path"":""/etc/pam.d/common-account"",""permission"":""-rw-r--r--""},""label"":""file""},{""int_arg"":4,""label"":""mask""}]"
"2026-08-24T18:38:06.579508424Z","worker2","falco-ref-sensitive-read-untrusted","security_file_permission","/usr/lib/openssh/sshd-session","-D -R -N 2",,,"714394","d29ya2VyMjoyNDMxNTIwOTU3NTM4NDk2OjcxNDM5NA==","d29ya2VyMjozMTMwOTkxNjAwMDAwMDA6MTcyMTEyMA==","[{""file_arg"":{""path"":""/etc/pam.d/common-account"",""permission"":""-rw-r--r--""},""label"":""file""},{""int_arg"":4,""label"":""mask""}]"
"2026-08-24T18:38:06.580003442Z","worker2","falco-ref-sensitive-read-untrusted","security_file_permission","/usr/lib/openssh/sshd-session","-D -R -N 2",,,"714394","d29ya2VyMjoyNDMxNTIwOTU3NTM4NDk2OjcxNDM5NA==","d29ya2VyMjozMTMwOTkxNjAwMDAwMDA6MTcyMTEyMA==","[{""file_arg"":{""path"":""/etc/pam.d/common-session"",""permission"":""-rw-r--r--""},""label"":""file""},{""int_arg"":4,""label"":""mask""}]"
"2026-08-24T18:38:06.580751141Z","worker2","falco-ref-sensitive-read-untrusted","security_file_permission","/usr/lib/openssh/sshd-session","-D -R -N 2",,,"714394","d29ya2VyMjoyNDMxNTIwOTU3NTM4NDk2OjcxNDM5NA==","d29ya2VyMjozMTMwOTkxNjAwMDAwMDA6MTcyMTEyMA==","[{""file_arg"":{""path"":""/etc/pam.d/common-session"",""permission"":""-rw-r--r--""},""label"":""file""},{""int_arg"":4,""label"":""mask""}]"
"2026-08-24T18:38:06.581975467Z","worker2","falco-ref-sensitive-read-untrusted","security_file_permission","/usr/lib/openssh/sshd-session","-D -R -N 2",,,"714394","d29ya2VyMjoyNDMxNTIwOTU3NTM4NDk2OjcxNDM5NA==","d29ya2VyMjozMTMwOTkxNjAwMDAwMDA6MTcyMTEyMA==","[{""file_arg"":{""path"":""/etc/pam.d/common-password"",""permission"":""-rw-r--r--""},""label"":""file""},{""int_arg"":4,""label"":""mask""}]"
"2026-08-24T18:38:06.582020607Z","worker2","falco-ref-sensitive-read-untrusted","security_file_permission","/usr/lib/openssh/sshd-session","-D -R -N 2",,,"714394","d29ya2VyMjoyNDMxNTIwOTU3NTM4NDk2OjcxNDM5NA==","d29ya2VyMjozMTMwOTkxNjAwMDAwMDA6MTcyMTEyMA==","[{""file_arg"":{""path"":""/etc/pam.d/common-password"",""permission"":""-rw-r--r--""},""label"":""file""},{""int_arg"":4,""label"":""mask""}]"
"2026-08-24T18:38:06.582043687Z","worker2","falco-ref-sensitive-read-untrusted","security_file_permission","/usr/lib/openssh/sshd-session","-D -R -N 2",,,"714394","d29ya2VyMjoyNDMxNTIwOTU3NTM4NDk2OjcxNDM5NA==","d29ya2VyMjozMTMwOTkxNjAwMDAwMDA6MTcyMTEyMA==","[{""file_arg"":{""path"":""/etc/pam.d/sshd"",""permission"":""-rw-r--r--""},""label"":""file""},{""int_arg"":4,""label"":""mask""}]"
"2026-08-24T18:38:06.582089007Z","worker2","falco-ref-sensitive-read-untrusted","security_file_permission","/usr/lib/openssh/sshd-session","-D -R -N 2",,,"714394","d29ya2VyMjoyNDMxNTIwOTU3NTM4NDk2OjcxNDM5NA==","d29ya2VyMjozMTMwOTkxNjAwMDAwMDA6MTcyMTEyMA==","[{""file_arg"":{""path"":""/etc/pam.d/other"",""permission"":""-rw-r--r--""},""label"":""file""},{""int_arg"":4,""label"":""mask""}]"
"2026-08-24T18:38:06.582138457Z","worker2","falco-ref-sensitive-read-untrusted","security_file_permission","/usr/lib/openssh/sshd-session","-D -R -N 2",,,"714394","d29ya2VyMjoyNDMxNTIwOTU3NTM4NDk2OjcxNDM5NA==","d29ya2VyMjozMTMwOTkxNjAwMDAwMDA6MTcyMTEyMA==","[{""file_arg"":{""path"":""/etc/pam.d/common-auth"",""permission"":""-rw-r--r--""},""label"":""file""},{""int_arg"":4,""label"":""mask""}]"
"2026-08-24T18:38:06.582170677Z","worker2","falco-ref-sensitive-read-untrusted","security_file_permission","/usr/lib/openssh/sshd-session","-D -R -N 2",,,"714394","d29ya2VyMjoyNDMxNTIwOTU3NTM4NDk2OjcxNDM5NA==","d29ya2VyMjozMTMwOTkxNjAwMDAwMDA6MTcyMTEyMA==","[{""file_arg"":{""path"":""/etc/pam.d/common-auth"",""permission"":""-rw-r--r--""},""label"":""file""},{""int_arg"":4,""label"":""mask""}]"
"2026-08-24T18:38:06.582201507Z","worker2","falco-ref-sensitive-read-untrusted","security_file_permission","/usr/lib/openssh/sshd-session","-D -R -N 2",,,"714394","d29ya2VyMjoyNDMxNTIwOTU3NTM4NDk2OjcxNDM5NA==","d29ya2VyMjozMTMwOTkxNjAwMDAwMDA6MTcyMTEyMA==","[{""file_arg"":{""path"":""/etc/pam.d/common-account"",""permission"":""-rw-r--r--""},""label"":""file""},{""int_arg"":4,""label"":""mask""}]"
"2026-08-24T18:38:06.582233027Z","worker2","falco-ref-sensitive-read-untrusted","security_file_permission","/usr/lib/openssh/sshd-session","-D -R -N 2",,,"714394","d29ya2VyMjoyNDMxNTIwOTU3NTM4NDk2OjcxNDM5NA==","d29ya2VyMjozMTMwOTkxNjAwMDAwMDA6MTcyMTEyMA==","[{""file_arg"":{""path"":""/etc/pam.d/common-account"",""permission"":""-rw-r--r--""},""label"":""file""},{""int_arg"":4,""label"":""mask""}]"
"2026-08-24T18:38:06.582262786Z","worker2","falco-ref-sensitive-read-untrusted","security_file_permission","/usr/lib/openssh/sshd-session","-D -R -N 2",,,"714394","d29ya2VyMjoyNDMxNTIwOTU3NTM4NDk2OjcxNDM5NA==","d29ya2VyMjozMTMwOTkxNjAwMDAwMDA6MTcyMTEyMA==","[{""file_arg"":{""path"":""/etc/pam.d/common-password"",""permission"":""-rw-r--r--""},""label"":""file""},{""int_arg"":4,""label"":""mask""}]"
"2026-08-24T18:38:06.582292396Z","worker2","falco-ref-sensitive-read-untrusted","security_file_permission","/usr/lib/openssh/sshd-session","-D -R -N 2",,,"714394","d29ya2VyMjoyNDMxNTIwOTU3NTM4NDk2OjcxNDM5NA==","d29ya2VyMjozMTMwOTkxNjAwMDAwMDA6MTcyMTEyMA==","[{""file_arg"":{""path"":""/etc/pam.d/common-password"",""permission"":""-rw-r--r--""},""label"":""file""},{""int_arg"":4,""label"":""mask""}]"
"2026-08-24T18:38:06.582367896Z","worker2","falco-ref-sensitive-read-untrusted","security_file_permission","/usr/lib/openssh/sshd-session","-D -R -N 2",,,"714394","d29ya2VyMjoyNDMxNTIwOTU3NTM4NDk2OjcxNDM5NA==","d29ya2VyMjozMTMwOTkxNjAwMDAwMDA6MTcyMTEyMA==","[{""file_arg"":{""path"":""/etc/pam.d/common-session"",""permission"":""-rw-r--r--""},""label"":""file""},{""int_arg"":4,""label"":""mask""}]"
"2026-08-24T18:38:06.582398796Z","worker2","falco-ref-sensitive-read-untrusted","security_file_permission","/usr/lib/openssh/sshd-session","-D -R -N 2",,,"714394","d29ya2VyMjoyNDMxNTIwOTU3NTM4NDk2OjcxNDM5NA==","d29ya2VyMjozMTMwOTkxNjAwMDAwMDA6MTcyMTEyMA==","[{""file_arg"":{""path"":""/etc/pam.d/common-session"",""permission"":""-rw-r--r--""},""label"":""file""},{""int_arg"":4,""label"":""mask""}]"
"2026-08-24T18:38:06.582411856Z","worker2","falco-ref-sensitive-read-untrusted","security_file_permission","/usr/lib/openssh/sshd-session","-D -R -N 2",,,"714394","d29ya2VyMjoyNDMxNTIwOTU3NTM4NDk2OjcxNDM5NA==","d29ya2VyMjozMTMwOTkxNjAwMDAwMDA6MTcyMTEyMA==","[{""file_arg"":{""path"":""/etc/pam.d/other"",""permission"":""-rw-r--r--""},""label"":""file""},{""int_arg"":4,""label"":""mask""}]"
"2026-08-24T18:38:07.683849238Z","worker2","falco-ref-sensitive-read-untrusted","security_file_permission","/usr/lib/openssh/sshd-session","-D -R -N 2",,,"714396","d29ya2VyMjoyNDMxNTIxODkxNTc3MjYwOjcxNDM5Ng==","d29ya2VyMjozMTMwOTkxNjAwMDAwMDA6MTcyMTEyMA==","[{""file_arg"":{""path"":""/etc/pam.d/sshd"",""permission"":""-rw-r--r--""},""label"":""file""},{""int_arg"":4,""label"":""mask""}]"
"2026-08-24T18:38:07.683909778Z","worker2","falco-ref-sensitive-read-untrusted","security_file_permission","/usr/lib/openssh/sshd-session","-D -R -N 2",,,"714396","d29ya2VyMjoyNDMxNTIxODkxNTc3MjYwOjcxNDM5Ng==","d29ya2VyMjozMTMwOTkxNjAwMDAwMDA6MTcyMTEyMA==","[{""file_arg"":{""path"":""/etc/pam.d/common-auth"",""permission"":""-rw-r--r--""},""label"":""file""},{""int_arg"":4,""label"":""mask""}]"
"2026-08-24T18:38:07.684940715Z","worker2","falco-ref-sensitive-read-untrusted","security_file_permission","/usr/lib/openssh/sshd-session","-D -R -N 2",,,"714396","d29ya2VyMjoyNDMxNTIxODkxNTc3MjYwOjcxNDM5Ng==","d29ya2VyMjozMTMwOTkxNjAwMDAwMDA6MTcyMTEyMA==","[{""file_arg"":{""path"":""/etc/pam.d/common-auth"",""permission"":""-rw-r--r--""},""label"":""file""},{""int_arg"":4,""label"":""mask""}]"
"2026-08-24T18:38:07.685156914Z","worker2","falco-ref-sensitive-read-untrusted","security_file_permission","/usr/lib/openssh/sshd-session","-D -R -N 2",,,"714396","d29ya2VyMjoyNDMxNTIxODkxNTc3MjYwOjcxNDM5Ng==","d29ya2VyMjozMTMwOTkxNjAwMDAwMDA6MTcyMTEyMA==","[{""file_arg"":{""path"":""/etc/pam.d/common-account"",""permission"":""-rw-r--r--""},""label"":""file""},{""int_arg"":4,""label"":""mask""}]"
"2026-08-24T18:38:07.685200754Z","worker2","falco-ref-sensitive-read-untrusted","security_file_permission","/usr/lib/openssh/sshd-session","-D -R -N 2",,,"714396","d29ya2VyMjoyNDMxNTIxODkxNTc3MjYwOjcxNDM5Ng==","d29ya2VyMjozMTMwOTkxNjAwMDAwMDA6MTcyMTEyMA==","[{""file_arg"":{""path"":""/etc/pam.d/common-account"",""permission"":""-rw-r--r--""},""label"":""file""},{""int_arg"":4,""label"":""mask""}]"
"2026-08-24T18:38:07.685846972Z","worker2","falco-ref-sensitive-read-untrusted","security_file_permission","/usr/lib/openssh/sshd-session","-D -R -N 2",,,"714396","d29ya2VyMjoyNDMxNTIxODkxNTc3MjYwOjcxNDM5Ng==","d29ya2VyMjozMTMwOTkxNjAwMDAwMDA6MTcyMTEyMA==","[{""file_arg"":{""path"":""/etc/pam.d/common-session"",""permission"":""-rw-r--r--""},""label"":""file""},{""int_arg"":4,""label"":""mask""}]"
"2026-08-24T18:38:07.686619170Z","worker2","falco-ref-sensitive-read-untrusted","security_file_permission","/usr/lib/openssh/sshd-session","-D -R -N 2",,,"714396","d29ya2VyMjoyNDMxNTIxODkxNTc3MjYwOjcxNDM5Ng==","d29ya2VyMjozMTMwOTkxNjAwMDAwMDA6MTcyMTEyMA==","[{""file_arg"":{""path"":""/etc/pam.d/common-session"",""permission"":""-rw-r--r--""},""label"":""file""},{""int_arg"":4,""label"":""mask""}]"
"2026-08-24T18:38:07.687771567Z","worker2","falco-ref-sensitive-read-untrusted","security_file_permission","/usr/lib/openssh/sshd-session","-D -R -N 2",,,"714396","d29ya2VyMjoyNDMxNTIxODkxNTc3MjYwOjcxNDM5Ng==","d29ya2VyMjozMTMwOTkxNjAwMDAwMDA6MTcyMTEyMA==","[{""file_arg"":{""path"":""/etc/pam.d/common-password"",""permission"":""-rw-r--r--""},""label"":""file""},{""int_arg"":4,""label"":""mask""}]"
"2026-08-24T18:38:07.687836007Z","worker2","falco-ref-sensitive-read-untrusted","security_file_permission","/usr/lib/openssh/sshd-session","-D -R -N 2",,,"714396","d29ya2VyMjoyNDMxNTIxODkxNTc3MjYwOjcxNDM5Ng==","d29ya2VyMjozMTMwOTkxNjAwMDAwMDA6MTcyMTEyMA==","[{""file_arg"":{""path"":""/etc/pam.d/common-password"",""permission"":""-rw-r--r--""},""label"":""file""},{""int_arg"":4,""label"":""mask""}]"
"2026-08-24T18:38:07.687852207Z","worker2","falco-ref-sensitive-read-untrusted","security_file_permission","/usr/lib/openssh/sshd-session","-D -R -N 2",,,"714396","d29ya2VyMjoyNDMxNTIxODkxNTc3MjYwOjcxNDM5Ng==","d29ya2VyMjozMTMwOTkxNjAwMDAwMDA6MTcyMTEyMA==","[{""file_arg"":{""path"":""/etc/pam.d/sshd"",""permission"":""-rw-r--r--""},""label"":""file""},{""int_arg"":4,""label"":""mask""}]"
"2026-08-24T18:38:07.687885997Z","worker2","falco-ref-sensitive-read-untrusted","security_file_permission","/usr/lib/openssh/sshd-session","-D -R -N 2",,,"714396","d29ya2VyMjoyNDMxNTIxODkxNTc3MjYwOjcxNDM5Ng==","d29ya2VyMjozMTMwOTkxNjAwMDAwMDA6MTcyMTEyMA==","[{""file_arg"":{""path"":""/etc/pam.d/other"",""permission"":""-rw-r--r--""},""label"":""file""},{""int_arg"":4,""label"":""mask""}]"
"2026-08-24T18:38:07.687939697Z","worker2","falco-ref-sensitive-read-untrusted","security_file_permission","/usr/lib/openssh/sshd-session","-D -R -N 2",,,"714396","d29ya2VyMjoyNDMxNTIxODkxNTc3MjYwOjcxNDM5Ng==","d29ya2VyMjozMTMwOTkxNjAwMDAwMDA6MTcyMTEyMA==","[{""file_arg"":{""path"":""/etc/pam.d/common-auth"",""permission"":""-rw-r--r--""},""label"":""file""},{""int_arg"":4,""label"":""mask""}]"
"2026-08-24T18:38:07.687978477Z","worker2","falco-ref-sensitive-read-untrusted","security_file_permission","/usr/lib/openssh/sshd-session","-D -R -N 2",,,"714396","d29ya2VyMjoyNDMxNTIxODkxNTc3MjYwOjcxNDM5Ng==","d29ya2VyMjozMTMwOTkxNjAwMDAwMDA6MTcyMTEyMA==","[{""file_arg"":{""path"":""/etc/pam.d/common-auth"",""permission"":""-rw-r--r--""},""label"":""file""},{""int_arg"":4,""label"":""mask""}]"
"2026-08-24T18:38:07.688011496Z","worker2","falco-ref-sensitive-read-untrusted","security_file_permission","/usr/lib/openssh/sshd-session","-D -R -N 2",,,"714396","d29ya2VyMjoyNDMxNTIxODkxNTc3MjYwOjcxNDM5Ng==","d29ya2VyMjozMTMwOTkxNjAwMDAwMDA6MTcyMTEyMA==","[{""file_arg"":{""path"":""/etc/pam.d/common-account"",""permission"":""-rw-r--r--""},""label"":""file""},{""int_arg"":4,""label"":""mask""}]"
"2026-08-24T18:38:07.688040526Z","worker2","falco-ref-sensitive-read-untrusted","security_file_permission","/usr/lib/openssh/sshd-session","-D -R -N 2",,,"714396","d29ya2VyMjoyNDMxNTIxODkxNTc3MjYwOjcxNDM5Ng==","d29ya2VyMjozMTMwOTkxNjAwMDAwMDA6MTcyMTEyMA==","[{""file_arg"":{""path"":""/etc/pam.d/common-account"",""permission"":""-rw-r--r--""},""label"":""file""},{""int_arg"":4,""label"":""mask""}]"
"2026-08-24T18:38:07.688073476Z","worker2","falco-ref-sensitive-read-untrusted","security_file_permission","/usr/lib/openssh/sshd-session","-D -R -N 2",,,"714396","d29ya2VyMjoyNDMxNTIxODkxNTc3MjYwOjcxNDM5Ng==","d29ya2VyMjozMTMwOTkxNjAwMDAwMDA6MTcyMTEyMA==","[{""file_arg"":{""path"":""/etc/pam.d/common-password"",""permission"":""-rw-r--r--""},""label"":""file""},{""int_arg"":4,""label"":""mask""}]"
"2026-08-24T18:38:07.688121916Z","worker2","falco-ref-sensitive-read-untrusted","security_file_permission","/usr/lib/openssh/sshd-session","-D -R -N 2",,,"714396","d29ya2VyMjoyNDMxNTIxODkxNTc3MjYwOjcxNDM5Ng==","d29ya2VyMjozMTMwOTkxNjAwMDAwMDA6MTcyMTEyMA==","[{""file_arg"":{""path"":""/etc/pam.d/common-password"",""permission"":""-rw-r--r--""},""label"":""file""},{""int_arg"":4,""label"":""mask""}]"
"2026-08-24T18:38:07.688154156Z","worker2","falco-ref-sensitive-read-untrusted","security_file_permission","/usr/lib/openssh/sshd-session","-D -R -N 2",,,"714396","d29ya2VyMjoyNDMxNTIxODkxNTc3MjYwOjcxNDM5Ng==","d29ya2VyMjozMTMwOTkxNjAwMDAwMDA6MTcyMTEyMA==","[{""file_arg"":{""path"":""/etc/pam.d/common-session"",""permission"":""-rw-r--r--""},""label"":""file""},{""int_arg"":4,""label"":""mask""}]"
"2026-08-24T18:38:07.688185136Z","worker2","falco-ref-sensitive-read-untrusted","security_file_permission","/usr/lib/openssh/sshd-session","-D -R -N 2",,,"714396","d29ya2VyMjoyNDMxNTIxODkxNTc3MjYwOjcxNDM5Ng==","d29ya2VyMjozMTMwOTkxNjAwMDAwMDA6MTcyMTEyMA==","[{""file_arg"":{""path"":""/etc/pam.d/common-session"",""permission"":""-rw-r--r--""},""label"":""file""},{""int_arg"":4,""label"":""mask""}]"
"2026-08-24T18:38:07.688198846Z","worker2","falco-ref-sensitive-read-untrusted","security_file_permission","/usr/lib/openssh/sshd-session","-D -R -N 2",,,"714396","d29ya2VyMjoyNDMxNTIxODkxNTc3MjYwOjcxNDM5Ng==","d29ya2VyMjozMTMwOTkxNjAwMDAwMDA6MTcyMTEyMA==","[{""file_arg"":{""path"":""/etc/pam.d/other"",""permission"":""-rw-r--r--""},""label"":""file""},{""int_arg"":4,""label"":""mask""}]"
"2026-08-24T18:38:08.529115841Z","worker2","falco-ref-sensitive-read-untrusted","security_file_permission","/usr/lib/openssh/sshd-session","-D -R -N 2",,,"714398","d29ya2VyMjoyNDMxNTIyOTAzMTM0MTIzOjcxNDM5OA==","d29ya2VyMjozMTMwOTkxNjAwMDAwMDA6MTcyMTEyMA==","[{""file_arg"":{""path"":""/etc/pam.d/sshd"",""permission"":""-rw-r--r--""},""label"":""file""},{""int_arg"":4,""label"":""mask""}]"
"2026-08-24T18:38:08.529176100Z","worker2","falco-ref-sensitive-read-untrusted","security_file_permission","/usr/lib/openssh/sshd-session","-D -R -N 2",,,"714398","d29ya2VyMjoyNDMxNTIyOTAzMTM0MTIzOjcxNDM5OA==","d29ya2VyMjozMTMwOTkxNjAwMDAwMDA6MTcyMTEyMA==","[{""file_arg"":{""path"":""/etc/pam.d/common-auth"",""permission"":""-rw-r--r--""},""label"":""file""},{""int_arg"":4,""label"":""mask""}]"
"2026-08-24T18:38:08.530514377Z","worker2","falco-ref-sensitive-read-untrusted","security_file_permission","/usr/lib/openssh/sshd-session","-D -R -N 2",,,"714398","d29ya2VyMjoyNDMxNTIyOTAzMTM0MTIzOjcxNDM5OA==","d29ya2VyMjozMTMwOTkxNjAwMDAwMDA6MTcyMTEyMA==","[{""file_arg"":{""path"":""/etc/pam.d/common-auth"",""permission"":""-rw-r--r--""},""label"":""file""},{""int_arg"":4,""label"":""mask""}]"
"2026-08-24T18:38:08.530773606Z","worker2","falco-ref-sensitive-read-untrusted","security_file_permission","/usr/lib/openssh/sshd-session","-D -R -N 2",,,"714398","d29ya2VyMjoyNDMxNTIyOTAzMTM0MTIzOjcxNDM5OA==","d29ya2VyMjozMTMwOTkxNjAwMDAwMDA6MTcyMTEyMA==","[{""file_arg"":{""path"":""/etc/pam.d/common-account"",""permission"":""-rw-r--r--""},""label"":""file""},{""int_arg"":4,""label"":""mask""}]"
"2026-08-24T18:38:08.530846246Z","worker2","falco-ref-sensitive-read-untrusted","security_file_permission","/usr/lib/openssh/sshd-session","-D -R -N 2",,,"714398","d29ya2VyMjoyNDMxNTIyOTAzMTM0MTIzOjcxNDM5OA==","d29ya2VyMjozMTMwOTkxNjAwMDAwMDA6MTcyMTEyMA==","[{""file_arg"":{""path"":""/etc/pam.d/common-account"",""permission"":""-rw-r--r--""},""label"":""file""},{""int_arg"":4,""label"":""mask""}]"
"2026-08-24T18:38:08.531576134Z","worker2","falco-ref-sensitive-read-untrusted","security_file_permission","/usr/lib/openssh/sshd-session","-D -R -N 2",,,"714398","d29ya2VyMjoyNDMxNTIyOTAzMTM0MTIzOjcxNDM5OA==","d29ya2VyMjozMTMwOTkxNjAwMDAwMDA6MTcyMTEyMA==","[{""file_arg"":{""path"":""/etc/pam.d/common-session"",""permission"":""-rw-r--r--""},""label"":""file""},{""int_arg"":4,""label"":""mask""}]"
"2026-08-24T18:38:08.532504382Z","worker2","falco-ref-sensitive-read-untrusted","security_file_permission","/usr/lib/openssh/sshd-session","-D -R -N 2",,,"714398","d29ya2VyMjoyNDMxNTIyOTAzMTM0MTIzOjcxNDM5OA==","d29ya2VyMjozMTMwOTkxNjAwMDAwMDA6MTcyMTEyMA==","[{""file_arg"":{""path"":""/etc/pam.d/common-session"",""permission"":""-rw-r--r--""},""label"":""file""},{""int_arg"":4,""label"":""mask""}]"
"2026-08-24T18:38:08.533848358Z","worker2","falco-ref-sensitive-read-untrusted","security_file_permission","/usr/lib/openssh/sshd-session","-D -R -N 2",,,"714398","d29ya2VyMjoyNDMxNTIyOTAzMTM0MTIzOjcxNDM5OA==","d29ya2VyMjozMTMwOTkxNjAwMDAwMDA6MTcyMTEyMA==","[{""file_arg"":{""path"":""/etc/pam.d/common-password"",""permission"":""-rw-r--r--""},""label"":""file""},{""int_arg"":4,""label"":""mask""}]"
"2026-08-24T18:38:08.533889898Z","worker2","falco-ref-sensitive-read-untrusted","security_file_permission","/usr/lib/openssh/sshd-session","-D -R -N 2",,,"714398","d29ya2VyMjoyNDMxNTIyOTAzMTM0MTIzOjcxNDM5OA==","d29ya2VyMjozMTMwOTkxNjAwMDAwMDA6MTcyMTEyMA==","[{""file_arg"":{""path"":""/etc/pam.d/common-password"",""permission"":""-rw-r--r--""},""label"":""file""},{""int_arg"":4,""label"":""mask""}]"
"2026-08-24T18:38:08.533905248Z","worker2","falco-ref-sensitive-read-untrusted","security_file_permission","/usr/lib/openssh/sshd-session","-D -R -N 2",,,"714398","d29ya2VyMjoyNDMxNTIyOTAzMTM0MTIzOjcxNDM5OA==","d29ya2VyMjozMTMwOTkxNjAwMDAwMDA6MTcyMTEyMA==","[{""file_arg"":{""path"":""/etc/pam.d/sshd"",""permission"":""-rw-r--r--""},""label"":""file""},{""int_arg"":4,""label"":""mask""}]"
"2026-08-24T18:38:08.533939898Z","worker2","falco-ref-sensitive-read-untrusted","security_file_permission","/usr/lib/openssh/sshd-session","-D -R -N 2",,,"714398","d29ya2VyMjoyNDMxNTIyOTAzMTM0MTIzOjcxNDM5OA==","d29ya2VyMjozMTMwOTkxNjAwMDAwMDA6MTcyMTEyMA==","[{""file_arg"":{""path"":""/etc/pam.d/other"",""permission"":""-rw-r--r--""},""label"":""file""},{""int_arg"":4,""label"":""mask""}]"
"2026-08-24T18:38:08.533997688Z","worker2","falco-ref-sensitive-read-untrusted","security_file_permission","/usr/lib/openssh/sshd-session","-D -R -N 2",,,"714398","d29ya2VyMjoyNDMxNTIyOTAzMTM0MTIzOjcxNDM5OA==","d29ya2VyMjozMTMwOTkxNjAwMDAwMDA6MTcyMTEyMA==","[{""file_arg"":{""path"":""/etc/pam.d/common-auth"",""permission"":""-rw-r--r--""},""label"":""file""},{""int_arg"":4,""label"":""mask""}]"
"2026-08-24T18:38:08.534048328Z","worker2","falco-ref-sensitive-read-untrusted","security_file_permission","/usr/lib/openssh/sshd-session","-D -R -N 2",,,"714398","d29ya2VyMjoyNDMxNTIyOTAzMTM0MTIzOjcxNDM5OA==","d29ya2VyMjozMTMwOTkxNjAwMDAwMDA6MTcyMTEyMA==","[{""file_arg"":{""path"":""/etc/pam.d/common-auth"",""permission"":""-rw-r--r--""},""label"":""file""},{""int_arg"":4,""label"":""mask""}]"
"2026-08-24T18:38:08.534092568Z","worker2","falco-ref-sensitive-read-untrusted","security_file_permission","/usr/lib/openssh/sshd-session","-D -R -N 2",,,"714398","d29ya2VyMjoyNDMxNTIyOTAzMTM0MTIzOjcxNDM5OA==","d29ya2VyMjozMTMwOTkxNjAwMDAwMDA6MTcyMTEyMA==","[{""file_arg"":{""path"":""/etc/pam.d/common-account"",""permission"":""-rw-r--r--""},""label"":""file""},{""int_arg"":4,""label"":""mask""}]"
"2026-08-24T18:38:08.534137588Z","worker2","falco-ref-sensitive-read-untrusted","security_file_permission","/usr/lib/openssh/sshd-session","-D -R -N 2",,,"714398","d29ya2VyMjoyNDMxNTIyOTAzMTM0MTIzOjcxNDM5OA==","d29ya2VyMjozMTMwOTkxNjAwMDAwMDA6MTcyMTEyMA==","[{""file_arg"":{""path"":""/etc/pam.d/common-account"",""permission"":""-rw-r--r--""},""label"":""file""},{""int_arg"":4,""label"":""mask""}]"
"2026-08-24T18:38:08.534193227Z","worker2","falco-ref-sensitive-read-untrusted","security_file_permission","/usr/lib/openssh/sshd-session","-D -R -N 2",,,"714398","d29ya2VyMjoyNDMxNTIyOTAzMTM0MTIzOjcxNDM5OA==","d29ya2VyMjozMTMwOTkxNjAwMDAwMDA6MTcyMTEyMA==","[{""file_arg"":{""path"":""/etc/pam.d/common-password"",""permission"":""-rw-r--r--""},""label"":""file""},{""int_arg"":4,""label"":""mask""}]"
"2026-08-24T18:38:08.534237197Z","worker2","falco-ref-sensitive-read-untrusted","security_file_permission","/usr/lib/openssh/sshd-session","-D -R -N 2",,,"714398","d29ya2VyMjoyNDMxNTIyOTAzMTM0MTIzOjcxNDM5OA==","d29ya2VyMjozMTMwOTkxNjAwMDAwMDA6MTcyMTEyMA==","[{""file_arg"":{""path"":""/etc/pam.d/common-password"",""permission"":""-rw-r--r--""},""label"":""file""},{""int_arg"":4,""label"":""mask""}]"
"2026-08-24T18:38:08.534279307Z","worker2","falco-ref-sensitive-read-untrusted","security_file_permission","/usr/lib/openssh/sshd-session","-D -R -N 2",,,"714398","d29ya2VyMjoyNDMxNTIyOTAzMTM0MTIzOjcxNDM5OA==","d29ya2VyMjozMTMwOTkxNjAwMDAwMDA6MTcyMTEyMA==","[{""file_arg"":{""path"":""/etc/pam.d/common-session"",""permission"":""-rw-r--r--""},""label"":""file""},{""int_arg"":4,""label"":""mask""}]"
"2026-08-24T18:38:08.534366797Z","worker2","falco-ref-sensitive-read-untrusted","security_file_permission","/usr/lib/openssh/sshd-session","-D -R -N 2",,,"714398","d29ya2VyMjoyNDMxNTIyOTAzMTM0MTIzOjcxNDM5OA==","d29ya2VyMjozMTMwOTkxNjAwMDAwMDA6MTcyMTEyMA==","[{""file_arg"":{""path"":""/etc/pam.d/common-session"",""permission"":""-rw-r--r--""},""label"":""file""},{""int_arg"":4,""label"":""mask""}]"
"2026-08-24T18:38:08.534384867Z","worker2","falco-ref-sensitive-read-untrusted","security_file_permission","/usr/lib/openssh/sshd-session","-D -R -N 2",,,"714398","d29ya2VyMjoyNDMxNTIyOTAzMTM0MTIzOjcxNDM5OA==","d29ya2VyMjozMTMwOTkxNjAwMDAwMDA6MTcyMTEyMA==","[{""file_arg"":{""path"":""/etc/pam.d/other"",""permission"":""-rw-r--r--""},""label"":""file""},{""int_arg"":4,""label"":""mask""}]"
"2026-08-24T18:38:09.344734321Z","worker2","falco-ref-sensitive-read-untrusted","security_file_permission","/usr/lib/openssh/sshd-session","-D -R -N 2",,,"714400","d29ya2VyMjoyNDMxNTIzNzM3MzE5NzU1OjcxNDQwMA==","d29ya2VyMjozMTMwOTkxNjAwMDAwMDA6MTcyMTEyMA==","[{""file_arg"":{""path"":""/etc/pam.d/sshd"",""permission"":""-rw-r--r--""},""label"":""file""},{""int_arg"":4,""label"":""mask""}]"
"2026-08-24T18:38:09.344834261Z","worker2","falco-ref-sensitive-read-untrusted","security_file_permission","/usr/lib/openssh/sshd-session","-D -R -N 2",,,"714400","d29ya2VyMjoyNDMxNTIzNzM3MzE5NzU1OjcxNDQwMA==","d29ya2VyMjozMTMwOTkxNjAwMDAwMDA6MTcyMTEyMA==","[{""file_arg"":{""path"":""/etc/pam.d/common-auth"",""permission"":""-rw-r--r--""},""label"":""file""},{""int_arg"":4,""label"":""mask""}]"
"2026-08-24T18:38:09.345880818Z","worker2","falco-ref-sensitive-read-untrusted","security_file_permission","/usr/lib/openssh/sshd-session","-D -R -N 2",,,"714400","d29ya2VyMjoyNDMxNTIzNzM3MzE5NzU1OjcxNDQwMA==","d29ya2VyMjozMTMwOTkxNjAwMDAwMDA6MTcyMTEyMA==","[{""file_arg"":{""path"":""/etc/pam.d/common-auth"",""permission"":""-rw-r--r--""},""label"":""file""},{""int_arg"":4,""label"":""mask""}]"
"2026-08-24T18:38:09.346165077Z","worker2","falco-ref-sensitive-read-untrusted","security_file_permission","/usr/lib/openssh/sshd-session","-D -R -N 2",,,"714400","d29ya2VyMjoyNDMxNTIzNzM3MzE5NzU1OjcxNDQwMA==","d29ya2VyMjozMTMwOTkxNjAwMDAwMDA6MTcyMTEyMA==","[{""file_arg"":{""path"":""/etc/pam.d/common-account"",""permission"":""-rw-r--r--""},""label"":""file""},{""int_arg"":4,""label"":""mask""}]"
"2026-08-24T18:38:09.346223658Z","worker2","falco-ref-sensitive-read-untrusted","security_file_permission","/usr/lib/openssh/sshd-session","-D -R -N 2",,,"714400","d29ya2VyMjoyNDMxNTIzNzM3MzE5NzU1OjcxNDQwMA==","d29ya2VyMjozMTMwOTkxNjAwMDAwMDA6MTcyMTEyMA==","[{""file_arg"":{""path"":""/etc/pam.d/common-account"",""permission"":""-rw-r--r--""},""label"":""file""},{""int_arg"":4,""label"":""mask""}]"
"2026-08-24T18:38:09.346807336Z","worker2","falco-ref-sensitive-read-untrusted","security_file_permission","/usr/lib/openssh/sshd-session","-D -R -N 2",,,"714400","d29ya2VyMjoyNDMxNTIzNzM3MzE5NzU1OjcxNDQwMA==","d29ya2VyMjozMTMwOTkxNjAwMDAwMDA6MTcyMTEyMA==","[{""file_arg"":{""path"":""/etc/pam.d/common-session"",""permission"":""-rw-r--r--""},""label"":""file""},{""int_arg"":4,""label"":""mask""}]"
"2026-08-24T18:38:09.347607494Z","worker2","falco-ref-sensitive-read-untrusted","security_file_permission","/usr/lib/openssh/sshd-session","-D -R -N 2",,,"714400","d29ya2VyMjoyNDMxNTIzNzM3MzE5NzU1OjcxNDQwMA==","d29ya2VyMjozMTMwOTkxNjAwMDAwMDA6MTcyMTEyMA==","[{""file_arg"":{""path"":""/etc/pam.d/common-session"",""permission"":""-rw-r--r--""},""label"":""file""},{""int_arg"":4,""label"":""mask""}]"
"2026-08-24T18:38:09.348750411Z","worker2","falco-ref-sensitive-read-untrusted","security_file_permission","/usr/lib/openssh/sshd-session","-D -R -N 2",,,"714400","d29ya2VyMjoyNDMxNTIzNzM3MzE5NzU1OjcxNDQwMA==","d29ya2VyMjozMTMwOTkxNjAwMDAwMDA6MTcyMTEyMA==","[{""file_arg"":{""path"":""/etc/pam.d/common-password"",""permission"":""-rw-r--r--""},""label"":""file""},{""int_arg"":4,""label"":""mask""}]"
"2026-08-24T18:38:09.348796841Z","worker2","falco-ref-sensitive-read-untrusted","security_file_permission","/usr/lib/openssh/sshd-session","-D -R -N 2",,,"714400","d29ya2VyMjoyNDMxNTIzNzM3MzE5NzU1OjcxNDQwMA==","d29ya2VyMjozMTMwOTkxNjAwMDAwMDA6MTcyMTEyMA==","[{""file_arg"":{""path"":""/etc/pam.d/common-password"",""permission"":""-rw-r--r--""},""label"":""file""},{""int_arg"":4,""label"":""mask""}]"
"2026-08-24T18:38:09.348831031Z","worker2","falco-ref-sensitive-read-untrusted","security_file_permission","/usr/lib/openssh/sshd-session","-D -R -N 2",,,"714400","d29ya2VyMjoyNDMxNTIzNzM3MzE5NzU1OjcxNDQwMA==","d29ya2VyMjozMTMwOTkxNjAwMDAwMDA6MTcyMTEyMA==","[{""file_arg"":{""path"":""/etc/pam.d/sshd"",""permission"":""-rw-r--r--""},""label"":""file""},{""int_arg"":4,""label"":""mask""}]"
"2026-08-24T18:38:09.348865781Z","worker2","falco-ref-sensitive-read-untrusted","security_file_permission","/usr/lib/openssh/sshd-session","-D -R -N 2",,,"714400","d29ya2VyMjoyNDMxNTIzNzM3MzE5NzU1OjcxNDQwMA==","d29ya2VyMjozMTMwOTkxNjAwMDAwMDA6MTcyMTEyMA==","[{""file_arg"":{""path"":""/etc/pam.d/other"",""permission"":""-rw-r--r--""},""label"":""file""},{""int_arg"":4,""label"":""mask""}]"
"2026-08-24T18:38:09.348919751Z","worker2","falco-ref-sensitive-read-untrusted","security_file_permission","/usr/lib/openssh/sshd-session","-D -R -N 2",,,"714400","d29ya2VyMjoyNDMxNTIzNzM3MzE5NzU1OjcxNDQwMA==","d29ya2VyMjozMTMwOTkxNjAwMDAwMDA6MTcyMTEyMA==","[{""file_arg"":{""path"":""/etc/pam.d/common-auth"",""permission"":""-rw-r--r--""},""label"":""file""},{""int_arg"":4,""label"":""mask""}]"
"2026-08-24T18:38:09.348967460Z","worker2","falco-ref-sensitive-read-untrusted","security_file_permission","/usr/lib/openssh/sshd-session","-D -R -N 2",,,"714400","d29ya2VyMjoyNDMxNTIzNzM3MzE5NzU1OjcxNDQwMA==","d29ya2VyMjozMTMwOTkxNjAwMDAwMDA6MTcyMTEyMA==","[{""file_arg"":{""path"":""/etc/pam.d/common-auth"",""permission"":""-rw-r--r--""},""label"":""file""},{""int_arg"":4,""label"":""mask""}]"
"2026-08-24T18:38:09.349029070Z","worker2","falco-ref-sensitive-read-untrusted","security_file_permission","/usr/lib/openssh/sshd-session","-D -R -N 2",,,"714400","d29ya2VyMjoyNDMxNTIzNzM3MzE5NzU1OjcxNDQwMA==","d29ya2VyMjozMTMwOTkxNjAwMDAwMDA6MTcyMTEyMA==","[{""file_arg"":{""path"":""/etc/pam.d/common-account"",""permission"":""-rw-r--r--""},""label"":""file""},{""int_arg"":4,""label"":""mask""}]"
"2026-08-24T18:38:09.349064810Z","worker2","falco-ref-sensitive-read-untrusted","security_file_permission","/usr/lib/openssh/sshd-session","-D -R -N 2",,,"714400","d29ya2VyMjoyNDMxNTIzNzM3MzE5NzU1OjcxNDQwMA==","d29ya2VyMjozMTMwOTkxNjAwMDAwMDA6MTcyMTEyMA==","[{""file_arg"":{""path"":""/etc/pam.d/common-account"",""permission"":""-rw-r--r--""},""label"":""file""},{""int_arg"":4,""label"":""mask""}]"
"2026-08-24T18:38:09.349098010Z","worker2","falco-ref-sensitive-read-untrusted","security_file_permission","/usr/lib/openssh/sshd-session","-D -R -N 2",,,"714400","d29ya2VyMjoyNDMxNTIzNzM3MzE5NzU1OjcxNDQwMA==","d29ya2VyMjozMTMwOTkxNjAwMDAwMDA6MTcyMTEyMA==","[{""file_arg"":{""path"":""/etc/pam.d/common-password"",""permission"":""-rw-r--r--""},""label"":""file""},{""int_arg"":4,""label"":""mask""}]"
"2026-08-24T18:38:09.349133250Z","worker2","falco-ref-sensitive-read-untrusted","security_file_permission","/usr/lib/openssh/sshd-session","-D -R -N 2",,,"714400","d29ya2VyMjoyNDMxNTIzNzM3MzE5NzU1OjcxNDQwMA==","d29ya2VyMjozMTMwOTkxNjAwMDAwMDA6MTcyMTEyMA==","[{""file_arg"":{""path"":""/etc/pam.d/common-password"",""permission"":""-rw-r--r--""},""label"":""file""},{""int_arg"":4,""label"":""mask""}]"
"2026-08-24T18:38:09.349165250Z","worker2","falco-ref-sensitive-read-untrusted","security_file_permission","/usr/lib/openssh/sshd-session","-D -R -N 2",,,"714400","d29ya2VyMjoyNDMxNTIzNzM3MzE5NzU1OjcxNDQwMA==","d29ya2VyMjozMTMwOTkxNjAwMDAwMDA6MTcyMTEyMA==","[{""file_arg"":{""path"":""/etc/pam.d/common-session"",""permission"":""-rw-r--r--""},""label"":""file""},{""int_arg"":4,""label"":""mask""}]"
"2026-08-24T18:38:09.349197370Z","worker2","falco-ref-sensitive-read-untrusted","security_file_permission","/usr/lib/openssh/sshd-session","-D -R -N 2",,,"714400","d29ya2VyMjoyNDMxNTIzNzM3MzE5NzU1OjcxNDQwMA==","d29ya2VyMjozMTMwOTkxNjAwMDAwMDA6MTcyMTEyMA==","[{""file_arg"":{""path"":""/etc/pam.d/common-session"",""permission"":""-rw-r--r--""},""label"":""file""},{""int_arg"":4,""label"":""mask""}]"
"2026-08-24T18:38:09.349224780Z","worker2","falco-ref-sensitive-read-untrusted","security_file_permission","/usr/lib/openssh/sshd-session","-D -R -N 2",,,"714400","d29ya2VyMjoyNDMxNTIzNzM3MzE5NzU1OjcxNDQwMA==","d29ya2VyMjozMTMwOTkxNjAwMDAwMDA6MTcyMTEyMA==","[{""file_arg"":{""path"":""/etc/pam.d/other"",""permission"":""-rw-r--r--""},""label"":""file""},{""int_arg"":4,""label"":""mask""}]"
"2026-08-24T18:38:10.205294104Z","worker2","falco-ref-sensitive-read-untrusted","security_file_permission","/usr/lib/openssh/sshd-session","-D -R -N 2",,,"714402","d29ya2VyMjoyNDMxNTI0NTgzNDQ3MDA3OjcxNDQwMg==","d29ya2VyMjozMTMwOTkxNjAwMDAwMDA6MTcyMTEyMA==","[{""file_arg"":{""path"":""/etc/pam.d/sshd"",""permission"":""-rw-r--r--""},""label"":""file""},{""int_arg"":4,""label"":""mask""}]"
"2026-08-24T18:38:10.205380813Z","worker2","falco-ref-sensitive-read-untrusted","security_file_permission","/usr/lib/openssh/sshd-session","-D -R -N 2",,,"714402","d29ya2VyMjoyNDMxNTI0NTgzNDQ3MDA3OjcxNDQwMg==","d29ya2VyMjozMTMwOTkxNjAwMDAwMDA6MTcyMTEyMA==","[{""file_arg"":{""path"":""/etc/pam.d/common-auth"",""permission"":""-rw-r--r--""},""label"":""file""},{""int_arg"":4,""label"":""mask""}]"
"2026-08-24T18:38:10.206397201Z","worker2","falco-ref-sensitive-read-untrusted","security_file_permission","/usr/lib/openssh/sshd-session","-D -R -N 2",,,"714402","d29ya2VyMjoyNDMxNTI0NTgzNDQ3MDA3OjcxNDQwMg==","d29ya2VyMjozMTMwOTkxNjAwMDAwMDA6MTcyMTEyMA==","[{""file_arg"":{""path"":""/etc/pam.d/common-auth"",""permission"":""-rw-r--r--""},""label"":""file""},{""int_arg"":4,""label"":""mask""}]"
"2026-08-24T18:38:10.206599840Z","worker2","falco-ref-sensitive-read-untrusted","security_file_permission","/usr/lib/openssh/sshd-session","-D -R -N 2",,,"714402","d29ya2VyMjoyNDMxNTI0NTgzNDQ3MDA3OjcxNDQwMg==","d29ya2VyMjozMTMwOTkxNjAwMDAwMDA6MTcyMTEyMA==","[{""file_arg"":{""path"":""/etc/pam.d/common-account"",""permission"":""-rw-r--r--""},""label"":""file""},{""int_arg"":4,""label"":""mask""}]"
"2026-08-24T18:38:10.206648170Z","worker2","falco-ref-sensitive-read-untrusted","security_file_permission","/usr/lib/openssh/sshd-session","-D -R -N 2",,,"714402","d29ya2VyMjoyNDMxNTI0NTgzNDQ3MDA3OjcxNDQwMg==","d29ya2VyMjozMTMwOTkxNjAwMDAwMDA6MTcyMTEyMA==","[{""file_arg"":{""path"":""/etc/pam.d/common-account"",""permission"":""-rw-r--r--""},""label"":""file""},{""int_arg"":4,""label"":""mask""}]"
"2026-08-24T18:38:10.207096979Z","worker2","falco-ref-sensitive-read-untrusted","security_file_permission","/usr/lib/openssh/sshd-session","-D -R -N 2",,,"714402","d29ya2VyMjoyNDMxNTI0NTgzNDQ3MDA3OjcxNDQwMg==","d29ya2VyMjozMTMwOTkxNjAwMDAwMDA6MTcyMTEyMA==","[{""file_arg"":{""path"":""/etc/pam.d/common-session"",""permission"":""-rw-r--r--""},""label"":""file""},{""int_arg"":4,""label"":""mask""}]"
"2026-08-24T18:38:10.207885327Z","worker2","falco-ref-sensitive-read-untrusted","security_file_permission","/usr/lib/openssh/sshd-session","-D -R -N 2",,,"714402","d29ya2VyMjoyNDMxNTI0NTgzNDQ3MDA3OjcxNDQwMg==","d29ya2VyMjozMTMwOTkxNjAwMDAwMDA6MTcyMTEyMA==","[{""file_arg"":{""path"":""/etc/pam.d/common-session"",""permission"":""-rw-r--r--""},""label"":""file""},{""int_arg"":4,""label"":""mask""}]"
"2026-08-24T18:38:10.208937514Z","worker2","falco-ref-sensitive-read-untrusted","security_file_permission","/usr/lib/openssh/sshd-session","-D -R -N 2",,,"714402","d29ya2VyMjoyNDMxNTI0NTgzNDQ3MDA3OjcxNDQwMg==","d29ya2VyMjozMTMwOTkxNjAwMDAwMDA6MTcyMTEyMA==","[{""file_arg"":{""path"":""/etc/pam.d/common-password"",""permission"":""-rw-r--r--""},""label"":""file""},{""int_arg"":4,""label"":""mask""}]"
"2026-08-24T18:38:10.208976304Z","worker2","falco-ref-sensitive-read-untrusted","security_file_permission","/usr/lib/openssh/sshd-session","-D -R -N 2",,,"714402","d29ya2VyMjoyNDMxNTI0NTgzNDQ3MDA3OjcxNDQwMg==","d29ya2VyMjozMTMwOTkxNjAwMDAwMDA6MTcyMTEyMA==","[{""file_arg"":{""path"":""/etc/pam.d/common-password"",""permission"":""-rw-r--r--""},""label"":""file""},{""int_arg"":4,""label"":""mask""}]"
"2026-08-24T18:38:10.208991094Z","worker2","falco-ref-sensitive-read-untrusted","security_file_permission","/usr/lib/openssh/sshd-session","-D -R -N 2",,,"714402","d29ya2VyMjoyNDMxNTI0NTgzNDQ3MDA3OjcxNDQwMg==","d29ya2VyMjozMTMwOTkxNjAwMDAwMDA6MTcyMTEyMA==","[{""file_arg"":{""path"":""/etc/pam.d/sshd"",""permission"":""-rw-r--r--""},""label"":""file""},{""int_arg"":4,""label"":""mask""}]"
"2026-08-24T18:38:10.209021114Z","worker2","falco-ref-sensitive-read-untrusted","security_file_permission","/usr/lib/openssh/sshd-session","-D -R -N 2",,,"714402","d29ya2VyMjoyNDMxNTI0NTgzNDQ3MDA3OjcxNDQwMg==","d29ya2VyMjozMTMwOTkxNjAwMDAwMDA6MTcyMTEyMA==","[{""file_arg"":{""path"":""/etc/pam.d/other"",""permission"":""-rw-r--r--""},""label"":""file""},{""int_arg"":4,""label"":""mask""}]"
"2026-08-24T18:38:10.209055474Z","worker2","falco-ref-sensitive-read-untrusted","security_file_permission","/usr/lib/openssh/sshd-session","-D -R -N 2",,,"714402","d29ya2VyMjoyNDMxNTI0NTgzNDQ3MDA3OjcxNDQwMg==","d29ya2VyMjozMTMwOTkxNjAwMDAwMDA6MTcyMTEyMA==","[{""file_arg"":{""path"":""/etc/pam.d/common-auth"",""permission"":""-rw-r--r--""},""label"":""file""},{""int_arg"":4,""label"":""mask""}]"
"2026-08-24T18:38:10.209094904Z","worker2","falco-ref-sensitive-read-untrusted","security_file_permission","/usr/lib/openssh/sshd-session","-D -R -N 2",,,"714402","d29ya2VyMjoyNDMxNTI0NTgzNDQ3MDA3OjcxNDQwMg==","d29ya2VyMjozMTMwOTkxNjAwMDAwMDA6MTcyMTEyMA==","[{""file_arg"":{""path"":""/etc/pam.d/common-auth"",""permission"":""-rw-r--r--""},""label"":""file""},{""int_arg"":4,""label"":""mask""}]"
"2026-08-24T18:38:10.209124544Z","worker2","falco-ref-sensitive-read-untrusted","security_file_permission","/usr/lib/openssh/sshd-session","-D -R -N 2",,,"714402","d29ya2VyMjoyNDMxNTI0NTgzNDQ3MDA3OjcxNDQwMg==","d29ya2VyMjozMTMwOTkxNjAwMDAwMDA6MTcyMTEyMA==","[{""file_arg"":{""path"":""/etc/pam.d/common-account"",""permission"":""-rw-r--r--""},""label"":""file""},{""int_arg"":4,""label"":""mask""}]"
"2026-08-24T18:38:10.209142624Z","worker2","falco-ref-sensitive-read-untrusted","security_file_permission","/usr/lib/openssh/sshd-session","-D -R -N 2",,,"714402","d29ya2VyMjoyNDMxNTI0NTgzNDQ3MDA3OjcxNDQwMg==","d29ya2VyMjozMTMwOTkxNjAwMDAwMDA6MTcyMTEyMA==","[{""file_arg"":{""path"":""/etc/pam.d/common-account"",""permission"":""-rw-r--r--""},""label"":""file""},{""int_arg"":4,""label"":""mask""}]"
"2026-08-24T18:38:10.209183823Z","worker2","falco-ref-sensitive-read-untrusted","security_file_permission","/usr/lib/openssh/sshd-session","-D -R -N 2",,,"714402","d29ya2VyMjoyNDMxNTI0NTgzNDQ3MDA3OjcxNDQwMg==","d29ya2VyMjozMTMwOTkxNjAwMDAwMDA6MTcyMTEyMA==","[{""file_arg"":{""path"":""/etc/pam.d/common-password"",""permission"":""-rw-r--r--""},""label"":""file""},{""int_arg"":4,""label"":""mask""}]"
"2026-08-24T18:38:10.209216063Z","worker2","falco-ref-sensitive-read-untrusted","security_file_permission","/usr/lib/openssh/sshd-session","-D -R -N 2",,,"714402","d29ya2VyMjoyNDMxNTI0NTgzNDQ3MDA3OjcxNDQwMg==","d29ya2VyMjozMTMwOTkxNjAwMDAwMDA6MTcyMTEyMA==","[{""file_arg"":{""path"":""/etc/pam.d/common-password"",""permission"":""-rw-r--r--""},""label"":""file""},{""int_arg"":4,""label"":""mask""}]"
"2026-08-24T18:38:10.209245283Z","worker2","falco-ref-sensitive-read-untrusted","security_file_permission","/usr/lib/openssh/sshd-session","-D -R -N 2",,,"714402","d29ya2VyMjoyNDMxNTI0NTgzNDQ3MDA3OjcxNDQwMg==","d29ya2VyMjozMTMwOTkxNjAwMDAwMDA6MTcyMTEyMA==","[{""file_arg"":{""path"":""/etc/pam.d/common-session"",""permission"":""-rw-r--r--""},""label"":""file""},{""int_arg"":4,""label"":""mask""}]"
"2026-08-24T18:38:10.209274124Z","worker2","falco-ref-sensitive-read-untrusted","security_file_permission","/usr/lib/openssh/sshd-session","-D -R -N 2",,,"714402","d29ya2VyMjoyNDMxNTI0NTgzNDQ3MDA3OjcxNDQwMg==","d29ya2VyMjozMTMwOTkxNjAwMDAwMDA6MTcyMTEyMA==","[{""file_arg"":{""path"":""/etc/pam.d/common-session"",""permission"":""-rw-r--r--""},""label"":""file""},{""int_arg"":4,""label"":""mask""}]"
"2026-08-24T18:38:10.209345184Z","worker2","falco-ref-sensitive-read-untrusted","security_file_permission","/usr/lib/openssh/sshd-session","-D -R -N 2",,,"714402","d29ya2VyMjoyNDMxNTI0NTgzNDQ3MDA3OjcxNDQwMg==","d29ya2VyMjozMTMwOTkxNjAwMDAwMDA6MTcyMTEyMA==","[{""file_arg"":{""path"":""/etc/pam.d/other"",""permission"":""-rw-r--r--""},""label"":""file""},{""int_arg"":4,""label"":""mask""}]"
"2026-08-24T18:38:11.200149910Z","worker2","falco-ref-sensitive-read-untrusted","security_file_permission","/usr/lib/openssh/sshd-session","-D -R -N 2",,,"714404","d29ya2VyMjoyNDMxNTI1NDI2MDc0ODQ2OjcxNDQwNA==","d29ya2VyMjozMTMwOTkxNjAwMDAwMDA6MTcyMTEyMA==","[{""file_arg"":{""path"":""/etc/pam.d/sshd"",""permission"":""-rw-r--r--""},""label"":""file""},{""int_arg"":4,""label"":""mask""}]"
"2026-08-24T18:38:11.200224720Z","worker2","falco-ref-sensitive-read-untrusted","security_file_permission","/usr/lib/openssh/sshd-session","-D -R -N 2",,,"714404","d29ya2VyMjoyNDMxNTI1NDI2MDc0ODQ2OjcxNDQwNA==","d29ya2VyMjozMTMwOTkxNjAwMDAwMDA6MTcyMTEyMA==","[{""file_arg"":{""path"":""/etc/pam.d/common-auth"",""permission"":""-rw-r--r--""},""label"":""file""},{""int_arg"":4,""label"":""mask""}]"
"2026-08-24T18:38:11.201241348Z","worker2","falco-ref-sensitive-read-untrusted","security_file_permission","/usr/lib/openssh/sshd-session","-D -R -N 2",,,"714404","d29ya2VyMjoyNDMxNTI1NDI2MDc0ODQ2OjcxNDQwNA==","d29ya2VyMjozMTMwOTkxNjAwMDAwMDA6MTcyMTEyMA==","[{""file_arg"":{""path"":""/etc/pam.d/common-auth"",""permission"":""-rw-r--r--""},""label"":""file""},{""int_arg"":4,""label"":""mask""}]"
"2026-08-24T18:38:11.201479087Z","worker2","falco-ref-sensitive-read-untrusted","security_file_permission","/usr/lib/openssh/sshd-session","-D -R -N 2",,,"714404","d29ya2VyMjoyNDMxNTI1NDI2MDc0ODQ2OjcxNDQwNA==","d29ya2VyMjozMTMwOTkxNjAwMDAwMDA6MTcyMTEyMA==","[{""file_arg"":{""path"":""/etc/pam.d/common-account"",""permission"":""-rw-r--r--""},""label"":""file""},{""int_arg"":4,""label"":""mask""}]"
"2026-08-24T18:38:11.201520827Z","worker2","falco-ref-sensitive-read-untrusted","security_file_permission","/usr/lib/openssh/sshd-session","-D -R -N 2",,,"714404","d29ya2VyMjoyNDMxNTI1NDI2MDc0ODQ2OjcxNDQwNA==","d29ya2VyMjozMTMwOTkxNjAwMDAwMDA6MTcyMTEyMA==","[{""file_arg"":{""path"":""/etc/pam.d/common-account"",""permission"":""-rw-r--r--""},""label"":""file""},{""int_arg"":4,""label"":""mask""}]"
"2026-08-24T18:38:11.202003576Z","worker2","falco-ref-sensitive-read-untrusted","security_file_permission","/usr/lib/openssh/sshd-session","-D -R -N 2",,,"714404","d29ya2VyMjoyNDMxNTI1NDI2MDc0ODQ2OjcxNDQwNA==","d29ya2VyMjozMTMwOTkxNjAwMDAwMDA6MTcyMTEyMA==","[{""file_arg"":{""path"":""/etc/pam.d/common-session"",""permission"":""-rw-r--r--""},""label"":""file""},{""int_arg"":4,""label"":""mask""}]"
"2026-08-24T18:38:11.202793723Z","worker2","falco-ref-sensitive-read-untrusted","security_file_permission","/usr/lib/openssh/sshd-session","-D -R -N 2",,,"714404","d29ya2VyMjoyNDMxNTI1NDI2MDc0ODQ2OjcxNDQwNA==","d29ya2VyMjozMTMwOTkxNjAwMDAwMDA6MTcyMTEyMA==","[{""file_arg"":{""path"":""/etc/pam.d/common-session"",""permission"":""-rw-r--r--""},""label"":""file""},{""int_arg"":4,""label"":""mask""}]"
"2026-08-24T18:38:11.203868621Z","worker2","falco-ref-sensitive-read-untrusted","security_file_permission","/usr/lib/openssh/sshd-session","-D -R -N 2",,,"714404","d29ya2VyMjoyNDMxNTI1NDI2MDc0ODQ2OjcxNDQwNA==","d29ya2VyMjozMTMwOTkxNjAwMDAwMDA6MTcyMTEyMA==","[{""file_arg"":{""path"":""/etc/pam.d/common-password"",""permission"":""-rw-r--r--""},""label"":""file""},{""int_arg"":4,""label"":""mask""}]"
"2026-08-24T18:38:11.203910770Z","worker2","falco-ref-sensitive-read-untrusted","security_file_permission","/usr/lib/openssh/sshd-session","-D -R -N 2",,,"714404","d29ya2VyMjoyNDMxNTI1NDI2MDc0ODQ2OjcxNDQwNA==","d29ya2VyMjozMTMwOTkxNjAwMDAwMDA6MTcyMTEyMA==","[{""file_arg"":{""path"":""/etc/pam.d/common-password"",""permission"":""-rw-r--r--""},""label"":""file""},{""int_arg"":4,""label"":""mask""}]"
"2026-08-24T18:38:11.203925890Z","worker2","falco-ref-sensitive-read-untrusted","security_file_permission","/usr/lib/openssh/sshd-session","-D -R -N 2",,,"714404","d29ya2VyMjoyNDMxNTI1NDI2MDc0ODQ2OjcxNDQwNA==","d29ya2VyMjozMTMwOTkxNjAwMDAwMDA6MTcyMTEyMA==","[{""file_arg"":{""path"":""/etc/pam.d/sshd"",""permission"":""-rw-r--r--""},""label"":""file""},{""int_arg"":4,""label"":""mask""}]"
"2026-08-24T18:38:11.203957440Z","worker2","falco-ref-sensitive-read-untrusted","security_file_permission","/usr/lib/openssh/sshd-session","-D -R -N 2",,,"714404","d29ya2VyMjoyNDMxNTI1NDI2MDc0ODQ2OjcxNDQwNA==","d29ya2VyMjozMTMwOTkxNjAwMDAwMDA6MTcyMTEyMA==","[{""file_arg"":{""path"":""/etc/pam.d/other"",""permission"":""-rw-r--r--""},""label"":""file""},{""int_arg"":4,""label"":""mask""}]"
"2026-08-24T18:38:11.204002910Z","worker2","falco-ref-sensitive-read-untrusted","security_file_permission","/usr/lib/openssh/sshd-session","-D -R -N 2",,,"714404","d29ya2VyMjoyNDMxNTI1NDI2MDc0ODQ2OjcxNDQwNA==","d29ya2VyMjozMTMwOTkxNjAwMDAwMDA6MTcyMTEyMA==","[{""file_arg"":{""path"":""/etc/pam.d/common-auth"",""permission"":""-rw-r--r--""},""label"":""file""},{""int_arg"":4,""label"":""mask""}]"
"2026-08-24T18:38:11.204038700Z","worker2","falco-ref-sensitive-read-untrusted","security_file_permission","/usr/lib/openssh/sshd-session","-D -R -N 2",,,"714404","d29ya2VyMjoyNDMxNTI1NDI2MDc0ODQ2OjcxNDQwNA==","d29ya2VyMjozMTMwOTkxNjAwMDAwMDA6MTcyMTEyMA==","[{""file_arg"":{""path"":""/etc/pam.d/common-auth"",""permission"":""-rw-r--r--""},""label"":""file""},{""int_arg"":4,""label"":""mask""}]"
"2026-08-24T18:38:11.204084840Z","worker2","falco-ref-sensitive-read-untrusted","security_file_permission","/usr/lib/openssh/sshd-session","-D -R -N 2",,,"714404","d29ya2VyMjoyNDMxNTI1NDI2MDc0ODQ2OjcxNDQwNA==","d29ya2VyMjozMTMwOTkxNjAwMDAwMDA6MTcyMTEyMA==","[{""file_arg"":{""path"":""/etc/pam.d/common-account"",""permission"":""-rw-r--r--""},""label"":""file""},{""int_arg"":4,""label"":""mask""}]"
"2026-08-24T18:38:11.204116830Z","worker2","falco-ref-sensitive-read-untrusted","security_file_permission","/usr/lib/openssh/sshd-session","-D -R -N 2",,,"714404","d29ya2VyMjoyNDMxNTI1NDI2MDc0ODQ2OjcxNDQwNA==","d29ya2VyMjozMTMwOTkxNjAwMDAwMDA6MTcyMTEyMA==","[{""file_arg"":{""path"":""/etc/pam.d/common-account"",""permission"":""-rw-r--r--""},""label"":""file""},{""int_arg"":4,""label"":""mask""}]"
"2026-08-24T18:38:11.204160490Z","worker2","falco-ref-sensitive-read-untrusted","security_file_permission","/usr/lib/openssh/sshd-session","-D -R -N 2",,,"714404","d29ya2VyMjoyNDMxNTI1NDI2MDc0ODQ2OjcxNDQwNA==","d29ya2VyMjozMTMwOTkxNjAwMDAwMDA6MTcyMTEyMA==","[{""file_arg"":{""path"":""/etc/pam.d/common-password"",""permission"":""-rw-r--r--""},""label"":""file""},{""int_arg"":4,""label"":""mask""}]"
"2026-08-24T18:38:11.204187420Z","worker2","falco-ref-sensitive-read-untrusted","security_file_permission","/usr/lib/openssh/sshd-session","-D -R -N 2",,,"714404","d29ya2VyMjoyNDMxNTI1NDI2MDc0ODQ2OjcxNDQwNA==","d29ya2VyMjozMTMwOTkxNjAwMDAwMDA6MTcyMTEyMA==","[{""file_arg"":{""path"":""/etc/pam.d/common-password"",""permission"":""-rw-r--r--""},""label"":""file""},{""int_arg"":4,""label"":""mask""}]"
"2026-08-24T18:38:11.204217169Z","worker2","falco-ref-sensitive-read-untrusted","security_file_permission","/usr/lib/openssh/sshd-session","-D -R -N 2",,,"714404","d29ya2VyMjoyNDMxNTI1NDI2MDc0ODQ2OjcxNDQwNA==","d29ya2VyMjozMTMwOTkxNjAwMDAwMDA6MTcyMTEyMA==","[{""file_arg"":{""path"":""/etc/pam.d/common-session"",""permission"":""-rw-r--r--""},""label"":""file""},{""int_arg"":4,""label"":""mask""}]"
"2026-08-24T18:38:11.204260379Z","worker2","falco-ref-sensitive-read-untrusted","security_file_permission","/usr/lib/openssh/sshd-session","-D -R -N 2",,,"714404","d29ya2VyMjoyNDMxNTI1NDI2MDc0ODQ2OjcxNDQwNA==","d29ya2VyMjozMTMwOTkxNjAwMDAwMDA6MTcyMTEyMA==","[{""file_arg"":{""path"":""/etc/pam.d/common-session"",""permission"":""-rw-r--r--""},""label"":""file""},{""int_arg"":4,""label"":""mask""}]"
"2026-08-24T18:38:11.204289199Z","worker2","falco-ref-sensitive-read-untrusted","security_file_permission","/usr/lib/openssh/sshd-session","-D -R -N 2",,,"714404","d29ya2VyMjoyNDMxNTI1NDI2MDc0ODQ2OjcxNDQwNA==","d29ya2VyMjozMTMwOTkxNjAwMDAwMDA6MTcyMTEyMA==","[{""file_arg"":{""path"":""/etc/pam.d/other"",""permission"":""-rw-r--r--""},""label"":""file""},{""int_arg"":4,""label"":""mask""}]"
"2026-08-24T18:38:12.307030806Z","worker2","falco-ref-sensitive-read-untrusted","security_file_permission","/usr/lib/openssh/sshd-session","-D -R -N 2",,,"714431","d29ya2VyMjoyNDMxNTI2NTExNDg2OTk4OjcxNDQzMQ==","d29ya2VyMjozMTMwOTkxNjAwMDAwMDA6MTcyMTEyMA==","[{""file_arg"":{""path"":""/etc/pam.d/sshd"",""permission"":""-rw-r--r--""},""label"":""file""},{""int_arg"":4,""label"":""mask""}]"
"2026-08-24T18:38:12.307102726Z","worker2","falco-ref-sensitive-read-untrusted","security_file_permission","/usr/lib/openssh/sshd-session","-D -R -N 2",,,"714431","d29ya2VyMjoyNDMxNTI2NTExNDg2OTk4OjcxNDQzMQ==","d29ya2VyMjozMTMwOTkxNjAwMDAwMDA6MTcyMTEyMA==","[{""file_arg"":{""path"":""/etc/pam.d/common-auth"",""permission"":""-rw-r--r--""},""label"":""file""},{""int_arg"":4,""label"":""mask""}]"
"2026-08-24T18:38:12.308404483Z","worker2","falco-ref-sensitive-read-untrusted","security_file_permission","/usr/lib/openssh/sshd-session","-D -R -N 2",,,"714431","d29ya2VyMjoyNDMxNTI2NTExNDg2OTk4OjcxNDQzMQ==","d29ya2VyMjozMTMwOTkxNjAwMDAwMDA6MTcyMTEyMA==","[{""file_arg"":{""path"":""/etc/pam.d/common-auth"",""permission"":""-rw-r--r--""},""label"":""file""},{""int_arg"":4,""label"":""mask""}]"
"2026-08-24T18:38:12.308685242Z","worker2","falco-ref-sensitive-read-untrusted","security_file_permission","/usr/lib/openssh/sshd-session","-D -R -N 2",,,"714431","d29ya2VyMjoyNDMxNTI2NTExNDg2OTk4OjcxNDQzMQ==","d29ya2VyMjozMTMwOTkxNjAwMDAwMDA6MTcyMTEyMA==","[{""file_arg"":{""path"":""/etc/pam.d/common-account"",""permission"":""-rw-r--r--""},""label"":""file""},{""int_arg"":4,""label"":""mask""}]"
"2026-08-24T18:38:12.308734053Z","worker2","falco-ref-sensitive-read-untrusted","security_file_permission","/usr/lib/openssh/sshd-session","-D -R -N 2",,,"714431","d29ya2VyMjoyNDMxNTI2NTExNDg2OTk4OjcxNDQzMQ==","d29ya2VyMjozMTMwOTkxNjAwMDAwMDA6MTcyMTEyMA==","[{""file_arg"":{""path"":""/etc/pam.d/common-account"",""permission"":""-rw-r--r--""},""label"":""file""},{""int_arg"":4,""label"":""mask""}]"
"2026-08-24T18:38:12.309420650Z","worker2","falco-ref-sensitive-read-untrusted","security_file_permission","/usr/lib/openssh/sshd-session","-D -R -N 2",,,"714431","d29ya2VyMjoyNDMxNTI2NTExNDg2OTk4OjcxNDQzMQ==","d29ya2VyMjozMTMwOTkxNjAwMDAwMDA6MTcyMTEyMA==","[{""file_arg"":{""path"":""/etc/pam.d/common-session"",""permission"":""-rw-r--r--""},""label"":""file""},{""int_arg"":4,""label"":""mask""}]"
"2026-08-24T18:38:12.310458448Z","worker2","falco-ref-sensitive-read-untrusted","security_file_permission","/usr/lib/openssh/sshd-session","-D -R -N 2",,,"714431","d29ya2VyMjoyNDMxNTI2NTExNDg2OTk4OjcxNDQzMQ==","d29ya2VyMjozMTMwOTkxNjAwMDAwMDA6MTcyMTEyMA==","[{""file_arg"":{""path"":""/etc/pam.d/common-session"",""permission"":""-rw-r--r--""},""label"":""file""},{""int_arg"":4,""label"":""mask""}]"
"2026-08-24T18:38:12.311896864Z","worker2","falco-ref-sensitive-read-untrusted","security_file_permission","/usr/lib/openssh/sshd-session","-D -R -N 2",,,"714431","d29ya2VyMjoyNDMxNTI2NTExNDg2OTk4OjcxNDQzMQ==","d29ya2VyMjozMTMwOTkxNjAwMDAwMDA6MTcyMTEyMA==","[{""file_arg"":{""path"":""/etc/pam.d/common-password"",""permission"":""-rw-r--r--""},""label"":""file""},{""int_arg"":4,""label"":""mask""}]"
"2026-08-24T18:38:12.311948614Z","worker2","falco-ref-sensitive-read-untrusted","security_file_permission","/usr/lib/openssh/sshd-session","-D -R -N 2",,,"714431","d29ya2VyMjoyNDMxNTI2NTExNDg2OTk4OjcxNDQzMQ==","d29ya2VyMjozMTMwOTkxNjAwMDAwMDA6MTcyMTEyMA==","[{""file_arg"":{""path"":""/etc/pam.d/common-password"",""permission"":""-rw-r--r--""},""label"":""file""},{""int_arg"":4,""label"":""mask""}]"
"2026-08-24T18:38:12.311969063Z","worker2","falco-ref-sensitive-read-untrusted","security_file_permission","/usr/lib/openssh/sshd-session","-D -R -N 2",,,"714431","d29ya2VyMjoyNDMxNTI2NTExNDg2OTk4OjcxNDQzMQ==","d29ya2VyMjozMTMwOTkxNjAwMDAwMDA6MTcyMTEyMA==","[{""file_arg"":{""path"":""/etc/pam.d/sshd"",""permission"":""-rw-r--r--""},""label"":""file""},{""int_arg"":4,""label"":""mask""}]"
"2026-08-24T18:38:12.312013723Z","worker2","falco-ref-sensitive-read-untrusted","security_file_permission","/usr/lib/openssh/sshd-session","-D -R -N 2",,,"714431","d29ya2VyMjoyNDMxNTI2NTExNDg2OTk4OjcxNDQzMQ==","d29ya2VyMjozMTMwOTkxNjAwMDAwMDA6MTcyMTEyMA==","[{""file_arg"":{""path"":""/etc/pam.d/other"",""permission"":""-rw-r--r--""},""label"":""file""},{""int_arg"":4,""label"":""mask""}]"
"2026-08-24T18:38:12.312094983Z","worker2","falco-ref-sensitive-read-untrusted","security_file_permission","/usr/lib/openssh/sshd-session","-D -R -N 2",,,"714431","d29ya2VyMjoyNDMxNTI2NTExNDg2OTk4OjcxNDQzMQ==","d29ya2VyMjozMTMwOTkxNjAwMDAwMDA6MTcyMTEyMA==","[{""file_arg"":{""path"":""/etc/pam.d/common-auth"",""permission"":""-rw-r--r--""},""label"":""file""},{""int_arg"":4,""label"":""mask""}]"
"2026-08-24T18:38:12.312126453Z","worker2","falco-ref-sensitive-read-untrusted","security_file_permission","/usr/lib/openssh/sshd-session","-D -R -N 2",,,"714431","d29ya2VyMjoyNDMxNTI2NTExNDg2OTk4OjcxNDQzMQ==","d29ya2VyMjozMTMwOTkxNjAwMDAwMDA6MTcyMTEyMA==","[{""file_arg"":{""path"":""/etc/pam.d/common-auth"",""permission"":""-rw-r--r--""},""label"":""file""},{""int_arg"":4,""label"":""mask""}]"
"2026-08-24T18:38:12.312180943Z","worker2","falco-ref-sensitive-read-untrusted","security_file_permission","/usr/lib/openssh/sshd-session","-D -R -N 2",,,"714431","d29ya2VyMjoyNDMxNTI2NTExNDg2OTk4OjcxNDQzMQ==","d29ya2VyMjozMTMwOTkxNjAwMDAwMDA6MTcyMTEyMA==","[{""file_arg"":{""path"":""/etc/pam.d/common-account"",""permission"":""-rw-r--r--""},""label"":""file""},{""int_arg"":4,""label"":""mask""}]"
"2026-08-24T18:38:12.312221793Z","worker2","falco-ref-sensitive-read-untrusted","security_file_permission","/usr/lib/openssh/sshd-session","-D -R -N 2",,,"714431","d29ya2VyMjoyNDMxNTI2NTExNDg2OTk4OjcxNDQzMQ==","d29ya2VyMjozMTMwOTkxNjAwMDAwMDA6MTcyMTEyMA==","[{""file_arg"":{""path"":""/etc/pam.d/common-account"",""permission"":""-rw-r--r--""},""label"":""file""},{""int_arg"":4,""label"":""mask""}]"
"2026-08-24T18:38:12.312262692Z","worker2","falco-ref-sensitive-read-untrusted","security_file_permission","/usr/lib/openssh/sshd-session","-D -R -N 2",,,"714431","d29ya2VyMjoyNDMxNTI2NTExNDg2OTk4OjcxNDQzMQ==","d29ya2VyMjozMTMwOTkxNjAwMDAwMDA6MTcyMTEyMA==","[{""file_arg"":{""path"":""/etc/pam.d/common-password"",""permission"":""-rw-r--r--""},""label"":""file""},{""int_arg"":4,""label"":""mask""}]"
"2026-08-24T18:38:12.312286332Z","worker2","falco-ref-sensitive-read-untrusted","security_file_permission","/usr/lib/openssh/sshd-session","-D -R -N 2",,,"714431","d29ya2VyMjoyNDMxNTI2NTExNDg2OTk4OjcxNDQzMQ==","d29ya2VyMjozMTMwOTkxNjAwMDAwMDA6MTcyMTEyMA==","[{""file_arg"":{""path"":""/etc/pam.d/common-password"",""permission"":""-rw-r--r--""},""label"":""file""},{""int_arg"":4,""label"":""mask""}]"
"2026-08-24T18:38:12.312382433Z","worker2","falco-ref-sensitive-read-untrusted","security_file_permission","/usr/lib/openssh/sshd-session","-D -R -N 2",,,"714431","d29ya2VyMjoyNDMxNTI2NTExNDg2OTk4OjcxNDQzMQ==","d29ya2VyMjozMTMwOTkxNjAwMDAwMDA6MTcyMTEyMA==","[{""file_arg"":{""path"":""/etc/pam.d/common-session"",""permission"":""-rw-r--r--""},""label"":""file""},{""int_arg"":4,""label"":""mask""}]"
"2026-08-24T18:38:12.312442963Z","worker2","falco-ref-sensitive-read-untrusted","security_file_permission","/usr/lib/openssh/sshd-session","-D -R -N 2",,,"714431","d29ya2VyMjoyNDMxNTI2NTExNDg2OTk4OjcxNDQzMQ==","d29ya2VyMjozMTMwOTkxNjAwMDAwMDA6MTcyMTEyMA==","[{""file_arg"":{""path"":""/etc/pam.d/common-session"",""permission"":""-rw-r--r--""},""label"":""file""},{""int_arg"":4,""label"":""mask""}]"
"2026-08-24T18:38:12.312478363Z","worker2","falco-ref-sensitive-read-untrusted","security_file_permission","/usr/lib/openssh/sshd-session","-D -R -N 2",,,"714431","d29ya2VyMjoyNDMxNTI2NTExNDg2OTk4OjcxNDQzMQ==","d29ya2VyMjozMTMwOTkxNjAwMDAwMDA6MTcyMTEyMA==","[{""file_arg"":{""path"":""/etc/pam.d/other"",""permission"":""-rw-r--r--""},""label"":""file""},{""int_arg"":4,""label"":""mask""}]"
"2026-08-24T18:38:13.191024900Z","worker2","falco-ref-sensitive-read-untrusted","security_file_permission","/usr/lib/openssh/sshd-session","-D -R -N 2",,,"714435","d29ya2VyMjoyNDMxNTI3NTQ4NjM5MTU1OjcxNDQzNQ==","d29ya2VyMjozMTMwOTkxNjAwMDAwMDA6MTcyMTEyMA==","[{""file_arg"":{""path"":""/etc/pam.d/sshd"",""permission"":""-rw-r--r--""},""label"":""file""},{""int_arg"":4,""label"":""mask""}]"
"2026-08-24T18:38:13.191070950Z","worker2","falco-ref-sensitive-read-untrusted","security_file_permission","/usr/lib/openssh/sshd-session","-D -R -N 2",,,"714435","d29ya2VyMjoyNDMxNTI3NTQ4NjM5MTU1OjcxNDQzNQ==","d29ya2VyMjozMTMwOTkxNjAwMDAwMDA6MTcyMTEyMA==","[{""file_arg"":{""path"":""/etc/pam.d/common-auth"",""permission"":""-rw-r--r--""},""label"":""file""},{""int_arg"":4,""label"":""mask""}]"
"2026-08-24T18:38:13.191638118Z","worker2","falco-ref-sensitive-read-untrusted","security_file_permission","/usr/lib/openssh/sshd-session","-D -R -N 2",,,"714435","d29ya2VyMjoyNDMxNTI3NTQ4NjM5MTU1OjcxNDQzNQ==","d29ya2VyMjozMTMwOTkxNjAwMDAwMDA6MTcyMTEyMA==","[{""file_arg"":{""path"":""/etc/pam.d/common-auth"",""permission"":""-rw-r--r--""},""label"":""file""},{""int_arg"":4,""label"":""mask""}]"
"2026-08-24T18:38:13.191744658Z","worker2","falco-ref-sensitive-read-untrusted","security_file_permission","/usr/lib/openssh/sshd-session","-D -R -N 2",,,"714435","d29ya2VyMjoyNDMxNTI3NTQ4NjM5MTU1OjcxNDQzNQ==","d29ya2VyMjozMTMwOTkxNjAwMDAwMDA6MTcyMTEyMA==","[{""file_arg"":{""path"":""/etc/pam.d/common-account"",""permission"":""-rw-r--r--""},""label"":""file""},{""int_arg"":4,""label"":""mask""}]"
"2026-08-24T18:38:13.191755898Z","worker2","falco-ref-sensitive-read-untrusted","security_file_permission","/usr/lib/openssh/sshd-session","-D -R -N 2",,,"714435","d29ya2VyMjoyNDMxNTI3NTQ4NjM5MTU1OjcxNDQzNQ==","d29ya2VyMjozMTMwOTkxNjAwMDAwMDA6MTcyMTEyMA==","[{""file_arg"":{""path"":""/etc/pam.d/common-account"",""permission"":""-rw-r--r--""},""label"":""file""},{""int_arg"":4,""label"":""mask""}]"
"2026-08-24T18:38:13.192025537Z","worker2","falco-ref-sensitive-read-untrusted","security_file_permission","/usr/lib/openssh/sshd-session","-D -R -N 2",,,"714435","d29ya2VyMjoyNDMxNTI3NTQ4NjM5MTU1OjcxNDQzNQ==","d29ya2VyMjozMTMwOTkxNjAwMDAwMDA6MTcyMTEyMA==","[{""file_arg"":{""path"":""/etc/pam.d/common-session"",""permission"":""-rw-r--r--""},""label"":""file""},{""int_arg"":4,""label"":""mask""}]"
"2026-08-24T18:38:13.192412727Z","worker2","falco-ref-sensitive-read-untrusted","security_file_permission","/usr/lib/openssh/sshd-session","-D -R -N 2",,,"714435","d29ya2VyMjoyNDMxNTI3NTQ4NjM5MTU1OjcxNDQzNQ==","d29ya2VyMjozMTMwOTkxNjAwMDAwMDA6MTcyMTEyMA==","[{""file_arg"":{""path"":""/etc/pam.d/common-session"",""permission"":""-rw-r--r--""},""label"":""file""},{""int_arg"":4,""label"":""mask""}]"
"2026-08-24T18:38:13.192999685Z","worker2","falco-ref-sensitive-read-untrusted","security_file_permission","/usr/lib/openssh/sshd-session","-D -R -N 2",,,"714435","d29ya2VyMjoyNDMxNTI3NTQ4NjM5MTU1OjcxNDQzNQ==","d29ya2VyMjozMTMwOTkxNjAwMDAwMDA6MTcyMTEyMA==","[{""file_arg"":{""path"":""/etc/pam.d/common-password"",""permission"":""-rw-r--r--""},""label"":""file""},{""int_arg"":4,""label"":""mask""}]"
"2026-08-24T18:38:13.193020624Z","worker2","falco-ref-sensitive-read-untrusted","security_file_permission","/usr/lib/openssh/sshd-session","-D -R -N 2",,,"714435","d29ya2VyMjoyNDMxNTI3NTQ4NjM5MTU1OjcxNDQzNQ==","d29ya2VyMjozMTMwOTkxNjAwMDAwMDA6MTcyMTEyMA==","[{""file_arg"":{""path"":""/etc/pam.d/common-password"",""permission"":""-rw-r--r--""},""label"":""file""},{""int_arg"":4,""label"":""mask""}]"
"2026-08-24T18:38:13.193027534Z","worker2","falco-ref-sensitive-read-untrusted","security_file_permission","/usr/lib/openssh/sshd-session","-D -R -N 2",,,"714435","d29ya2VyMjoyNDMxNTI3NTQ4NjM5MTU1OjcxNDQzNQ==","d29ya2VyMjozMTMwOTkxNjAwMDAwMDA6MTcyMTEyMA==","[{""file_arg"":{""path"":""/etc/pam.d/sshd"",""permission"":""-rw-r--r--""},""label"":""file""},{""int_arg"":4,""label"":""mask""}]"
"2026-08-24T18:38:13.193043044Z","worker2","falco-ref-sensitive-read-untrusted","security_file_permission","/usr/lib/openssh/sshd-session","-D -R -N 2",,,"714435","d29ya2VyMjoyNDMxNTI3NTQ4NjM5MTU1OjcxNDQzNQ==","d29ya2VyMjozMTMwOTkxNjAwMDAwMDA6MTcyMTEyMA==","[{""file_arg"":{""path"":""/etc/pam.d/other"",""permission"":""-rw-r--r--""},""label"":""file""},{""int_arg"":4,""label"":""mask""}]"
"2026-08-24T18:38:13.193060634Z","worker2","falco-ref-sensitive-read-untrusted","security_file_permission","/usr/lib/openssh/sshd-session","-D -R -N 2",,,"714435","d29ya2VyMjoyNDMxNTI3NTQ4NjM5MTU1OjcxNDQzNQ==","d29ya2VyMjozMTMwOTkxNjAwMDAwMDA6MTcyMTEyMA==","[{""file_arg"":{""path"":""/etc/pam.d/common-auth"",""permission"":""-rw-r--r--""},""label"":""file""},{""int_arg"":4,""label"":""mask""}]"
"2026-08-24T18:38:13.193072224Z","worker2","falco-ref-sensitive-read-untrusted","security_file_permission","/usr/lib/openssh/sshd-session","-D -R -N 2",,,"714435","d29ya2VyMjoyNDMxNTI3NTQ4NjM5MTU1OjcxNDQzNQ==","d29ya2VyMjozMTMwOTkxNjAwMDAwMDA6MTcyMTEyMA==","[{""file_arg"":{""path"":""/etc/pam.d/common-auth"",""permission"":""-rw-r--r--""},""label"":""file""},{""int_arg"":4,""label"":""mask""}]"
"2026-08-24T18:38:13.193087884Z","worker2","falco-ref-sensitive-read-untrusted","security_file_permission","/usr/lib/openssh/sshd-session","-D -R -N 2",,,"714435","d29ya2VyMjoyNDMxNTI3NTQ4NjM5MTU1OjcxNDQzNQ==","d29ya2VyMjozMTMwOTkxNjAwMDAwMDA6MTcyMTEyMA==","[{""file_arg"":{""path"":""/etc/pam.d/common-account"",""permission"":""-rw-r--r--""},""label"":""file""},{""int_arg"":4,""label"":""mask""}]"
"2026-08-24T18:38:13.193097194Z","worker2","falco-ref-sensitive-read-untrusted","security_file_permission","/usr/lib/openssh/sshd-session","-D -R -N 2",,,"714435","d29ya2VyMjoyNDMxNTI3NTQ4NjM5MTU1OjcxNDQzNQ==","d29ya2VyMjozMTMwOTkxNjAwMDAwMDA6MTcyMTEyMA==","[{""file_arg"":{""path"":""/etc/pam.d/common-account"",""permission"":""-rw-r--r--""},""label"":""file""},{""int_arg"":4,""label"":""mask""}]"
"2026-08-24T18:38:13.193111934Z","worker2","falco-ref-sensitive-read-untrusted","security_file_permission","/usr/lib/openssh/sshd-session","-D -R -N 2",,,"714435","d29ya2VyMjoyNDMxNTI3NTQ4NjM5MTU1OjcxNDQzNQ==","d29ya2VyMjozMTMwOTkxNjAwMDAwMDA6MTcyMTEyMA==","[{""file_arg"":{""path"":""/etc/pam.d/common-password"",""permission"":""-rw-r--r--""},""label"":""file""},{""int_arg"":4,""label"":""mask""}]"
"2026-08-24T18:38:13.193120624Z","worker2","falco-ref-sensitive-read-untrusted","security_file_permission","/usr/lib/openssh/sshd-session","-D -R -N 2",,,"714435","d29ya2VyMjoyNDMxNTI3NTQ4NjM5MTU1OjcxNDQzNQ==","d29ya2VyMjozMTMwOTkxNjAwMDAwMDA6MTcyMTEyMA==","[{""file_arg"":{""path"":""/etc/pam.d/common-password"",""permission"":""-rw-r--r--""},""label"":""file""},{""int_arg"":4,""label"":""mask""}]"
"2026-08-24T18:38:13.193135824Z","worker2","falco-ref-sensitive-read-untrusted","security_file_permission","/usr/lib/openssh/sshd-session","-D -R -N 2",,,"714435","d29ya2VyMjoyNDMxNTI3NTQ4NjM5MTU1OjcxNDQzNQ==","d29ya2VyMjozMTMwOTkxNjAwMDAwMDA6MTcyMTEyMA==","[{""file_arg"":{""path"":""/etc/pam.d/common-session"",""permission"":""-rw-r--r--""},""label"":""file""},{""int_arg"":4,""label"":""mask""}]"
"2026-08-24T18:38:13.193151324Z","worker2","falco-ref-sensitive-read-untrusted","security_file_permission","/usr/lib/openssh/sshd-session","-D -R -N 2",,,"714435","d29ya2VyMjoyNDMxNTI3NTQ4NjM5MTU1OjcxNDQzNQ==","d29ya2VyMjozMTMwOTkxNjAwMDAwMDA6MTcyMTEyMA==","[{""file_arg"":{""path"":""/etc/pam.d/common-session"",""permission"":""-rw-r--r--""},""label"":""file""},{""int_arg"":4,""label"":""mask""}]"
"2026-08-24T18:38:13.193165444Z","worker2","falco-ref-sensitive-read-untrusted","security_file_permission","/usr/lib/openssh/sshd-session","-D -R -N 2",,,"714435","d29ya2VyMjoyNDMxNTI3NTQ4NjM5MTU1OjcxNDQzNQ==","d29ya2VyMjozMTMwOTkxNjAwMDAwMDA6MTcyMTEyMA==","[{""file_arg"":{""path"":""/etc/pam.d/other"",""permission"":""-rw-r--r--""},""label"":""file""},{""int_arg"":4,""label"":""mask""}]"
"2026-08-24T18:38:14.183725083Z","worker2","falco-ref-sensitive-read-untrusted","security_file_permission","/usr/lib/openssh/sshd-session","-D -R -N 2",,,"714437","d29ya2VyMjoyNDMxNTI4NDExMjczOTI0OjcxNDQzNw==","d29ya2VyMjozMTMwOTkxNjAwMDAwMDA6MTcyMTEyMA==","[{""file_arg"":{""path"":""/etc/pam.d/sshd"",""permission"":""-rw-r--r--""},""label"":""file""},{""int_arg"":4,""label"":""mask""}]"
"2026-08-24T18:38:14.183795653Z","worker2","falco-ref-sensitive-read-untrusted","security_file_permission","/usr/lib/openssh/sshd-session","-D -R -N 2",,,"714437","d29ya2VyMjoyNDMxNTI4NDExMjczOTI0OjcxNDQzNw==","d29ya2VyMjozMTMwOTkxNjAwMDAwMDA6MTcyMTEyMA==","[{""file_arg"":{""path"":""/etc/pam.d/common-auth"",""permission"":""-rw-r--r--""},""label"":""file""},{""int_arg"":4,""label"":""mask""}]"
"2026-08-24T18:38:14.184727180Z","worker2","falco-ref-sensitive-read-untrusted","security_file_permission","/usr/lib/openssh/sshd-session","-D -R -N 2",,,"714437","d29ya2VyMjoyNDMxNTI4NDExMjczOTI0OjcxNDQzNw==","d29ya2VyMjozMTMwOTkxNjAwMDAwMDA6MTcyMTEyMA==","[{""file_arg"":{""path"":""/etc/pam.d/common-auth"",""permission"":""-rw-r--r--""},""label"":""file""},{""int_arg"":4,""label"":""mask""}]"
"2026-08-24T18:38:14.184927660Z","worker2","falco-ref-sensitive-read-untrusted","security_file_permission","/usr/lib/openssh/sshd-session","-D -R -N 2",,,"714437","d29ya2VyMjoyNDMxNTI4NDExMjczOTI0OjcxNDQzNw==","d29ya2VyMjozMTMwOTkxNjAwMDAwMDA6MTcyMTEyMA==","[{""file_arg"":{""path"":""/etc/pam.d/common-account"",""permission"":""-rw-r--r--""},""label"":""file""},{""int_arg"":4,""label"":""mask""}]"
"2026-08-24T18:38:14.184967860Z","worker2","falco-ref-sensitive-read-untrusted","security_file_permission","/usr/lib/openssh/sshd-session","-D -R -N 2",,,"714437","d29ya2VyMjoyNDMxNTI4NDExMjczOTI0OjcxNDQzNw==","d29ya2VyMjozMTMwOTkxNjAwMDAwMDA6MTcyMTEyMA==","[{""file_arg"":{""path"":""/etc/pam.d/common-account"",""permission"":""-rw-r--r--""},""label"":""file""},{""int_arg"":4,""label"":""mask""}]"
"2026-08-24T18:38:14.185449918Z","worker2","falco-ref-sensitive-read-untrusted","security_file_permission","/usr/lib/openssh/sshd-session","-D -R -N 2",,,"714437","d29ya2VyMjoyNDMxNTI4NDExMjczOTI0OjcxNDQzNw==","d29ya2VyMjozMTMwOTkxNjAwMDAwMDA6MTcyMTEyMA==","[{""file_arg"":{""path"":""/etc/pam.d/common-session"",""permission"":""-rw-r--r--""},""label"":""file""},{""int_arg"":4,""label"":""mask""}]"
"2026-08-24T18:38:14.186139557Z","worker2","falco-ref-sensitive-read-untrusted","security_file_permission","/usr/lib/openssh/sshd-session","-D -R -N 2",,,"714437","d29ya2VyMjoyNDMxNTI4NDExMjczOTI0OjcxNDQzNw==","d29ya2VyMjozMTMwOTkxNjAwMDAwMDA6MTcyMTEyMA==","[{""file_arg"":{""path"":""/etc/pam.d/common-session"",""permission"":""-rw-r--r--""},""label"":""file""},{""int_arg"":4,""label"":""mask""}]"
"2026-08-24T18:38:14.187267073Z","worker2","falco-ref-sensitive-read-untrusted","security_file_permission","/usr/lib/openssh/sshd-session","-D -R -N 2",,,"714437","d29ya2VyMjoyNDMxNTI4NDExMjczOTI0OjcxNDQzNw==","d29ya2VyMjozMTMwOTkxNjAwMDAwMDA6MTcyMTEyMA==","[{""file_arg"":{""path"":""/etc/pam.d/common-password"",""permission"":""-rw-r--r--""},""label"":""file""},{""int_arg"":4,""label"":""mask""}]"
"2026-08-24T18:38:14.187337194Z","worker2","falco-ref-sensitive-read-untrusted","security_file_permission","/usr/lib/openssh/sshd-session","-D -R -N 2",,,"714437","d29ya2VyMjoyNDMxNTI4NDExMjczOTI0OjcxNDQzNw==","d29ya2VyMjozMTMwOTkxNjAwMDAwMDA6MTcyMTEyMA==","[{""file_arg"":{""path"":""/etc/pam.d/common-password"",""permission"":""-rw-r--r--""},""label"":""file""},{""int_arg"":4,""label"":""mask""}]"
"2026-08-24T18:38:14.187352564Z","worker2","falco-ref-sensitive-read-untrusted","security_file_permission","/usr/lib/openssh/sshd-session","-D -R -N 2",,,"714437","d29ya2VyMjoyNDMxNTI4NDExMjczOTI0OjcxNDQzNw==","d29ya2VyMjozMTMwOTkxNjAwMDAwMDA6MTcyMTEyMA==","[{""file_arg"":{""path"":""/etc/pam.d/sshd"",""permission"":""-rw-r--r--""},""label"":""file""},{""int_arg"":4,""label"":""mask""}]"
"2026-08-24T18:38:14.187383514Z","worker2","falco-ref-sensitive-read-untrusted","security_file_permission","/usr/lib/openssh/sshd-session","-D -R -N 2",,,"714437","d29ya2VyMjoyNDMxNTI4NDExMjczOTI0OjcxNDQzNw==","d29ya2VyMjozMTMwOTkxNjAwMDAwMDA6MTcyMTEyMA==","[{""file_arg"":{""path"":""/etc/pam.d/other"",""permission"":""-rw-r--r--""},""label"":""file""},{""int_arg"":4,""label"":""mask""}]"
"2026-08-24T18:38:14.187433223Z","worker2","falco-ref-sensitive-read-untrusted","security_file_permission","/usr/lib/openssh/sshd-session","-D -R -N 2",,,"714437","d29ya2VyMjoyNDMxNTI4NDExMjczOTI0OjcxNDQzNw==","d29ya2VyMjozMTMwOTkxNjAwMDAwMDA6MTcyMTEyMA==","[{""file_arg"":{""path"":""/etc/pam.d/common-auth"",""permission"":""-rw-r--r--""},""label"":""file""},{""int_arg"":4,""label"":""mask""}]"
"2026-08-24T18:38:14.187472473Z","worker2","falco-ref-sensitive-read-untrusted","security_file_permission","/usr/lib/openssh/sshd-session","-D -R -N 2",,,"714437","d29ya2VyMjoyNDMxNTI4NDExMjczOTI0OjcxNDQzNw==","d29ya2VyMjozMTMwOTkxNjAwMDAwMDA6MTcyMTEyMA==","[{""file_arg"":{""path"":""/etc/pam.d/common-auth"",""permission"":""-rw-r--r--""},""label"":""file""},{""int_arg"":4,""label"":""mask""}]"
"2026-08-24T18:38:14.187521093Z","worker2","falco-ref-sensitive-read-untrusted","security_file_permission","/usr/lib/openssh/sshd-session","-D -R -N 2",,,"714437","d29ya2VyMjoyNDMxNTI4NDExMjczOTI0OjcxNDQzNw==","d29ya2VyMjozMTMwOTkxNjAwMDAwMDA6MTcyMTEyMA==","[{""file_arg"":{""path"":""/etc/pam.d/common-account"",""permission"":""-rw-r--r--""},""label"":""file""},{""int_arg"":4,""label"":""mask""}]"
"2026-08-24T18:38:14.187548103Z","worker2","falco-ref-sensitive-read-untrusted","security_file_permission","/usr/lib/openssh/sshd-session","-D -R -N 2",,,"714437","d29ya2VyMjoyNDMxNTI4NDExMjczOTI0OjcxNDQzNw==","d29ya2VyMjozMTMwOTkxNjAwMDAwMDA6MTcyMTEyMA==","[{""file_arg"":{""path"":""/etc/pam.d/common-account"",""permission"":""-rw-r--r--""},""label"":""file""},{""int_arg"":4,""label"":""mask""}]"
"2026-08-24T18:38:14.187577853Z","worker2","falco-ref-sensitive-read-untrusted","security_file_permission","/usr/lib/openssh/sshd-session","-D -R -N 2",,,"714437","d29ya2VyMjoyNDMxNTI4NDExMjczOTI0OjcxNDQzNw==","d29ya2VyMjozMTMwOTkxNjAwMDAwMDA6MTcyMTEyMA==","[{""file_arg"":{""path"":""/etc/pam.d/common-password"",""permission"":""-rw-r--r--""},""label"":""file""},{""int_arg"":4,""label"":""mask""}]"
"2026-08-24T18:38:14.187610823Z","worker2","falco-ref-sensitive-read-untrusted","security_file_permission","/usr/lib/openssh/sshd-session","-D -R -N 2",,,"714437","d29ya2VyMjoyNDMxNTI4NDExMjczOTI0OjcxNDQzNw==","d29ya2VyMjozMTMwOTkxNjAwMDAwMDA6MTcyMTEyMA==","[{""file_arg"":{""path"":""/etc/pam.d/common-password"",""permission"":""-rw-r--r--""},""label"":""file""},{""int_arg"":4,""label"":""mask""}]"
"2026-08-24T18:38:14.187654523Z","worker2","falco-ref-sensitive-read-untrusted","security_file_permission","/usr/lib/openssh/sshd-session","-D -R -N 2",,,"714437","d29ya2VyMjoyNDMxNTI4NDExMjczOTI0OjcxNDQzNw==","d29ya2VyMjozMTMwOTkxNjAwMDAwMDA6MTcyMTEyMA==","[{""file_arg"":{""path"":""/etc/pam.d/common-session"",""permission"":""-rw-r--r--""},""label"":""file""},{""int_arg"":4,""label"":""mask""}]"
"2026-08-24T18:38:14.187683483Z","worker2","falco-ref-sensitive-read-untrusted","security_file_permission","/usr/lib/openssh/sshd-session","-D -R -N 2",,,"714437","d29ya2VyMjoyNDMxNTI4NDExMjczOTI0OjcxNDQzNw==","d29ya2VyMjozMTMwOTkxNjAwMDAwMDA6MTcyMTEyMA==","[{""file_arg"":{""path"":""/etc/pam.d/common-session"",""permission"":""-rw-r--r--""},""label"":""file""},{""int_arg"":4,""label"":""mask""}]"
"2026-08-24T18:38:14.187705372Z","worker2","falco-ref-sensitive-read-untrusted","security_file_permission","/usr/lib/openssh/sshd-session","-D -R -N 2",,,"714437","d29ya2VyMjoyNDMxNTI4NDExMjczOTI0OjcxNDQzNw==","d29ya2VyMjozMTMwOTkxNjAwMDAwMDA6MTcyMTEyMA==","[{""file_arg"":{""path"":""/etc/pam.d/other"",""permission"":""-rw-r--r--""},""label"":""file""},{""int_arg"":4,""label"":""mask""}]"
"2026-08-24T18:38:15.123215522Z","worker2","falco-ref-sensitive-read-untrusted","security_file_permission","/usr/lib/openssh/sshd-session","-D -R -N 2",,,"714463","d29ya2VyMjoyNDMxNTI5NDI1MDc1MjMxOjcxNDQ2Mw==","d29ya2VyMjozMTMwOTkxNjAwMDAwMDA6MTcyMTEyMA==","[{""file_arg"":{""path"":""/etc/pam.d/sshd"",""permission"":""-rw-r--r--""},""label"":""file""},{""int_arg"":4,""label"":""mask""}]"
"2026-08-24T18:38:15.123291482Z","worker2","falco-ref-sensitive-read-untrusted","security_file_permission","/usr/lib/openssh/sshd-session","-D -R -N 2",,,"714463","d29ya2VyMjoyNDMxNTI5NDI1MDc1MjMxOjcxNDQ2Mw==","d29ya2VyMjozMTMwOTkxNjAwMDAwMDA6MTcyMTEyMA==","[{""file_arg"":{""path"":""/etc/pam.d/common-auth"",""permission"":""-rw-r--r--""},""label"":""file""},{""int_arg"":4,""label"":""mask""}]"
"2026-08-24T18:38:15.124646198Z","worker2","falco-ref-sensitive-read-untrusted","security_file_permission","/usr/lib/openssh/sshd-session","-D -R -N 2",,,"714463","d29ya2VyMjoyNDMxNTI5NDI1MDc1MjMxOjcxNDQ2Mw==","d29ya2VyMjozMTMwOTkxNjAwMDAwMDA6MTcyMTEyMA==","[{""file_arg"":{""path"":""/etc/pam.d/common-auth"",""permission"":""-rw-r--r--""},""label"":""file""},{""int_arg"":4,""label"":""mask""}]"
"2026-08-24T18:38:15.124988188Z","worker2","falco-ref-sensitive-read-untrusted","security_file_permission","/usr/lib/openssh/sshd-session","-D -R -N 2",,,"714463","d29ya2VyMjoyNDMxNTI5NDI1MDc1MjMxOjcxNDQ2Mw==","d29ya2VyMjozMTMwOTkxNjAwMDAwMDA6MTcyMTEyMA==","[{""file_arg"":{""path"":""/etc/pam.d/common-account"",""permission"":""-rw-r--r--""},""label"":""file""},{""int_arg"":4,""label"":""mask""}]"
"2026-08-24T18:38:15.125104297Z","worker2","falco-ref-sensitive-read-untrusted","security_file_permission","/usr/lib/openssh/sshd-session","-D -R -N 2",,,"714463","d29ya2VyMjoyNDMxNTI5NDI1MDc1MjMxOjcxNDQ2Mw==","d29ya2VyMjozMTMwOTkxNjAwMDAwMDA6MTcyMTEyMA==","[{""file_arg"":{""path"":""/etc/pam.d/common-account"",""permission"":""-rw-r--r--""},""label"":""file""},{""int_arg"":4,""label"":""mask""}]"
"2026-08-24T18:38:15.125834485Z","worker2","falco-ref-sensitive-read-untrusted","security_file_permission","/usr/lib/openssh/sshd-session","-D -R -N 2",,,"714463","d29ya2VyMjoyNDMxNTI5NDI1MDc1MjMxOjcxNDQ2Mw==","d29ya2VyMjozMTMwOTkxNjAwMDAwMDA6MTcyMTEyMA==","[{""file_arg"":{""path"":""/etc/pam.d/common-session"",""permission"":""-rw-r--r--""},""label"":""file""},{""int_arg"":4,""label"":""mask""}]"
"2026-08-24T18:38:15.126778823Z","worker2","falco-ref-sensitive-read-untrusted","security_file_permission","/usr/lib/openssh/sshd-session","-D -R -N 2",,,"714463","d29ya2VyMjoyNDMxNTI5NDI1MDc1MjMxOjcxNDQ2Mw==","d29ya2VyMjozMTMwOTkxNjAwMDAwMDA6MTcyMTEyMA==","[{""file_arg"":{""path"":""/etc/pam.d/common-session"",""permission"":""-rw-r--r--""},""label"":""file""},{""int_arg"":4,""label"":""mask""}]"
"2026-08-24T18:38:15.128247039Z","worker2","falco-ref-sensitive-read-untrusted","security_file_permission","/usr/lib/openssh/sshd-session","-D -R -N 2",,,"714463","d29ya2VyMjoyNDMxNTI5NDI1MDc1MjMxOjcxNDQ2Mw==","d29ya2VyMjozMTMwOTkxNjAwMDAwMDA6MTcyMTEyMA==","[{""file_arg"":{""path"":""/etc/pam.d/common-password"",""permission"":""-rw-r--r--""},""label"":""file""},{""int_arg"":4,""label"":""mask""}]"
"2026-08-24T18:38:15.128297458Z","worker2","falco-ref-sensitive-read-untrusted","security_file_permission","/usr/lib/openssh/sshd-session","-D -R -N 2",,,"714463","d29ya2VyMjoyNDMxNTI5NDI1MDc1MjMxOjcxNDQ2Mw==","d29ya2VyMjozMTMwOTkxNjAwMDAwMDA6MTcyMTEyMA==","[{""file_arg"":{""path"":""/etc/pam.d/common-password"",""permission"":""-rw-r--r--""},""label"":""file""},{""int_arg"":4,""label"":""mask""}]"
"2026-08-24T18:38:15.128341708Z","worker2","falco-ref-sensitive-read-untrusted","security_file_permission","/usr/lib/openssh/sshd-session","-D -R -N 2",,,"714463","d29ya2VyMjoyNDMxNTI5NDI1MDc1MjMxOjcxNDQ2Mw==","d29ya2VyMjozMTMwOTkxNjAwMDAwMDA6MTcyMTEyMA==","[{""file_arg"":{""path"":""/etc/pam.d/sshd"",""permission"":""-rw-r--r--""},""label"":""file""},{""int_arg"":4,""label"":""mask""}]"
"2026-08-24T18:38:15.128391488Z","worker2","falco-ref-sensitive-read-untrusted","security_file_permission","/usr/lib/openssh/sshd-session","-D -R -N 2",,,"714463","d29ya2VyMjoyNDMxNTI5NDI1MDc1MjMxOjcxNDQ2Mw==","d29ya2VyMjozMTMwOTkxNjAwMDAwMDA6MTcyMTEyMA==","[{""file_arg"":{""path"":""/etc/pam.d/other"",""permission"":""-rw-r--r--""},""label"":""file""},{""int_arg"":4,""label"":""mask""}]"
"2026-08-24T18:38:15.128455819Z","worker2","falco-ref-sensitive-read-untrusted","security_file_permission","/usr/lib/openssh/sshd-session","-D -R -N 2",,,"714463","d29ya2VyMjoyNDMxNTI5NDI1MDc1MjMxOjcxNDQ2Mw==","d29ya2VyMjozMTMwOTkxNjAwMDAwMDA6MTcyMTEyMA==","[{""file_arg"":{""path"":""/etc/pam.d/common-auth"",""permission"":""-rw-r--r--""},""label"":""file""},{""int_arg"":4,""label"":""mask""}]"
"2026-08-24T18:38:15.128479259Z","worker2","falco-ref-sensitive-read-untrusted","security_file_permission","/usr/lib/openssh/sshd-session","-D -R -N 2",,,"714463","d29ya2VyMjoyNDMxNTI5NDI1MDc1MjMxOjcxNDQ2Mw==","d29ya2VyMjozMTMwOTkxNjAwMDAwMDA6MTcyMTEyMA==","[{""file_arg"":{""path"":""/etc/pam.d/common-auth"",""permission"":""-rw-r--r--""},""label"":""file""},{""int_arg"":4,""label"":""mask""}]"
"2026-08-24T18:38:15.128528399Z","worker2","falco-ref-sensitive-read-untrusted","security_file_permission","/usr/lib/openssh/sshd-session","-D -R -N 2",,,"714463","d29ya2VyMjoyNDMxNTI5NDI1MDc1MjMxOjcxNDQ2Mw==","d29ya2VyMjozMTMwOTkxNjAwMDAwMDA6MTcyMTEyMA==","[{""file_arg"":{""path"":""/etc/pam.d/common-account"",""permission"":""-rw-r--r--""},""label"":""file""},{""int_arg"":4,""label"":""mask""}]"
"2026-08-24T18:38:15.128567518Z","worker2","falco-ref-sensitive-read-untrusted","security_file_permission","/usr/lib/openssh/sshd-session","-D -R -N 2",,,"714463","d29ya2VyMjoyNDMxNTI5NDI1MDc1MjMxOjcxNDQ2Mw==","d29ya2VyMjozMTMwOTkxNjAwMDAwMDA6MTcyMTEyMA==","[{""file_arg"":{""path"":""/etc/pam.d/common-account"",""permission"":""-rw-r--r--""},""label"":""file""},{""int_arg"":4,""label"":""mask""}]"
"2026-08-24T18:38:15.128604128Z","worker2","falco-ref-sensitive-read-untrusted","security_file_permission","/usr/lib/openssh/sshd-session","-D -R -N 2",,,"714463","d29ya2VyMjoyNDMxNTI5NDI1MDc1MjMxOjcxNDQ2Mw==","d29ya2VyMjozMTMwOTkxNjAwMDAwMDA6MTcyMTEyMA==","[{""file_arg"":{""path"":""/etc/pam.d/common-password"",""permission"":""-rw-r--r--""},""label"":""file""},{""int_arg"":4,""label"":""mask""}]"
"2026-08-24T18:38:15.128622118Z","worker2","falco-ref-sensitive-read-untrusted","security_file_permission","/usr/lib/openssh/sshd-session","-D -R -N 2",,,"714463","d29ya2VyMjoyNDMxNTI5NDI1MDc1MjMxOjcxNDQ2Mw==","d29ya2VyMjozMTMwOTkxNjAwMDAwMDA6MTcyMTEyMA==","[{""file_arg"":{""path"":""/etc/pam.d/common-password"",""permission"":""-rw-r--r--""},""label"":""file""},{""int_arg"":4,""label"":""mask""}]"
"2026-08-24T18:38:15.128718208Z","worker2","falco-ref-sensitive-read-untrusted","security_file_permission","/usr/lib/openssh/sshd-session","-D -R -N 2",,,"714463","d29ya2VyMjoyNDMxNTI5NDI1MDc1MjMxOjcxNDQ2Mw==","d29ya2VyMjozMTMwOTkxNjAwMDAwMDA6MTcyMTEyMA==","[{""file_arg"":{""path"":""/etc/pam.d/common-session"",""permission"":""-rw-r--r--""},""label"":""file""},{""int_arg"":4,""label"":""mask""}]"
"2026-08-24T18:38:15.128784308Z","worker2","falco-ref-sensitive-read-untrusted","security_file_permission","/usr/lib/openssh/sshd-session","-D -R -N 2",,,"714463","d29ya2VyMjoyNDMxNTI5NDI1MDc1MjMxOjcxNDQ2Mw==","d29ya2VyMjozMTMwOTkxNjAwMDAwMDA6MTcyMTEyMA==","[{""file_arg"":{""path"":""/etc/pam.d/common-session"",""permission"":""-rw-r--r--""},""label"":""file""},{""int_arg"":4,""label"":""mask""}]"
"2026-08-24T18:38:15.128844288Z","worker2","falco-ref-sensitive-read-untrusted","security_file_permission","/usr/lib/openssh/sshd-session","-D -R -N 2",,,"714463","d29ya2VyMjoyNDMxNTI5NDI1MDc1MjMxOjcxNDQ2Mw==","d29ya2VyMjozMTMwOTkxNjAwMDAwMDA6MTcyMTEyMA==","[{""file_arg"":{""path"":""/etc/pam.d/other"",""permission"":""-rw-r--r--""},""label"":""file""},{""int_arg"":4,""label"":""mask""}]"
"2026-08-24T18:38:16.045688005Z","worker2","falco-ref-sensitive-read-untrusted","security_file_permission","/usr/lib/openssh/sshd-session","-D -R -N 2",,,"714465","d29ya2VyMjoyNDMxNTMwNDE2NDY1OTI2OjcxNDQ2NQ==","d29ya2VyMjozMTMwOTkxNjAwMDAwMDA6MTcyMTEyMA==","[{""file_arg"":{""path"":""/etc/pam.d/sshd"",""permission"":""-rw-r--r--""},""label"":""file""},{""int_arg"":4,""label"":""mask""}]"
"2026-08-24T18:38:16.045746125Z","worker2","falco-ref-sensitive-read-untrusted","security_file_permission","/usr/lib/openssh/sshd-session","-D -R -N 2",,,"714465","d29ya2VyMjoyNDMxNTMwNDE2NDY1OTI2OjcxNDQ2NQ==","d29ya2VyMjozMTMwOTkxNjAwMDAwMDA6MTcyMTEyMA==","[{""file_arg"":{""path"":""/etc/pam.d/common-auth"",""permission"":""-rw-r--r--""},""label"":""file""},{""int_arg"":4,""label"":""mask""}]"
"2026-08-24T18:38:16.046731413Z","worker2","falco-ref-sensitive-read-untrusted","security_file_permission","/usr/lib/openssh/sshd-session","-D -R -N 2",,,"714465","d29ya2VyMjoyNDMxNTMwNDE2NDY1OTI2OjcxNDQ2NQ==","d29ya2VyMjozMTMwOTkxNjAwMDAwMDA6MTcyMTEyMA==","[{""file_arg"":{""path"":""/etc/pam.d/common-auth"",""permission"":""-rw-r--r--""},""label"":""file""},{""int_arg"":4,""label"":""mask""}]"
"2026-08-24T18:38:16.046952612Z","worker2","falco-ref-sensitive-read-untrusted","security_file_permission","/usr/lib/openssh/sshd-session","-D -R -N 2",,,"714465","d29ya2VyMjoyNDMxNTMwNDE2NDY1OTI2OjcxNDQ2NQ==","d29ya2VyMjozMTMwOTkxNjAwMDAwMDA6MTcyMTEyMA==","[{""file_arg"":{""path"":""/etc/pam.d/common-account"",""permission"":""-rw-r--r--""},""label"":""file""},{""int_arg"":4,""label"":""mask""}]"
"2026-08-24T18:38:16.047012432Z","worker2","falco-ref-sensitive-read-untrusted","security_file_permission","/usr/lib/openssh/sshd-session","-D -R -N 2",,,"714465","d29ya2VyMjoyNDMxNTMwNDE2NDY1OTI2OjcxNDQ2NQ==","d29ya2VyMjozMTMwOTkxNjAwMDAwMDA6MTcyMTEyMA==","[{""file_arg"":{""path"":""/etc/pam.d/common-account"",""permission"":""-rw-r--r--""},""label"":""file""},{""int_arg"":4,""label"":""mask""}]"
"2026-08-24T18:38:16.047631020Z","worker2","falco-ref-sensitive-read-untrusted","security_file_permission","/usr/lib/openssh/sshd-session","-D -R -N 2",,,"714465","d29ya2VyMjoyNDMxNTMwNDE2NDY1OTI2OjcxNDQ2NQ==","d29ya2VyMjozMTMwOTkxNjAwMDAwMDA6MTcyMTEyMA==","[{""file_arg"":{""path"":""/etc/pam.d/common-session"",""permission"":""-rw-r--r--""},""label"":""file""},{""int_arg"":4,""label"":""mask""}]"
"2026-08-24T18:38:16.048466958Z","worker2","falco-ref-sensitive-read-untrusted","security_file_permission","/usr/lib/openssh/sshd-session","-D -R -N 2",,,"714465","d29ya2VyMjoyNDMxNTMwNDE2NDY1OTI2OjcxNDQ2NQ==","d29ya2VyMjozMTMwOTkxNjAwMDAwMDA6MTcyMTEyMA==","[{""file_arg"":{""path"":""/etc/pam.d/common-session"",""permission"":""-rw-r--r--""},""label"":""file""},{""int_arg"":4,""label"":""mask""}]"
"2026-08-24T18:38:16.049638615Z","worker2","falco-ref-sensitive-read-untrusted","security_file_permission","/usr/lib/openssh/sshd-session","-D -R -N 2",,,"714465","d29ya2VyMjoyNDMxNTMwNDE2NDY1OTI2OjcxNDQ2NQ==","d29ya2VyMjozMTMwOTkxNjAwMDAwMDA6MTcyMTEyMA==","[{""file_arg"":{""path"":""/etc/pam.d/common-password"",""permission"":""-rw-r--r--""},""label"":""file""},{""int_arg"":4,""label"":""mask""}]"
"2026-08-24T18:38:16.049680775Z","worker2","falco-ref-sensitive-read-untrusted","security_file_permission","/usr/lib/openssh/sshd-session","-D -R -N 2",,,"714465","d29ya2VyMjoyNDMxNTMwNDE2NDY1OTI2OjcxNDQ2NQ==","d29ya2VyMjozMTMwOTkxNjAwMDAwMDA6MTcyMTEyMA==","[{""file_arg"":{""path"":""/etc/pam.d/common-password"",""permission"":""-rw-r--r--""},""label"":""file""},{""int_arg"":4,""label"":""mask""}]"
"2026-08-24T18:38:16.049695715Z","worker2","falco-ref-sensitive-read-untrusted","security_file_permission","/usr/lib/openssh/sshd-session","-D -R -N 2",,,"714465","d29ya2VyMjoyNDMxNTMwNDE2NDY1OTI2OjcxNDQ2NQ==","d29ya2VyMjozMTMwOTkxNjAwMDAwMDA6MTcyMTEyMA==","[{""file_arg"":{""path"":""/etc/pam.d/sshd"",""permission"":""-rw-r--r--""},""label"":""file""},{""int_arg"":4,""label"":""mask""}]"
"2026-08-24T18:38:16.049726554Z","worker2","falco-ref-sensitive-read-untrusted","security_file_permission","/usr/lib/openssh/sshd-session","-D -R -N 2",,,"714465","d29ya2VyMjoyNDMxNTMwNDE2NDY1OTI2OjcxNDQ2NQ==","d29ya2VyMjozMTMwOTkxNjAwMDAwMDA6MTcyMTEyMA==","[{""file_arg"":{""path"":""/etc/pam.d/other"",""permission"":""-rw-r--r--""},""label"":""file""},{""int_arg"":4,""label"":""mask""}]"
"2026-08-24T18:38:16.049768414Z","worker2","falco-ref-sensitive-read-untrusted","security_file_permission","/usr/lib/openssh/sshd-session","-D -R -N 2",,,"714465","d29ya2VyMjoyNDMxNTMwNDE2NDY1OTI2OjcxNDQ2NQ==","d29ya2VyMjozMTMwOTkxNjAwMDAwMDA6MTcyMTEyMA==","[{""file_arg"":{""path"":""/etc/pam.d/common-auth"",""permission"":""-rw-r--r--""},""label"":""file""},{""int_arg"":4,""label"":""mask""}]"
"2026-08-24T18:38:16.049855814Z","worker2","falco-ref-sensitive-read-untrusted","security_file_permission","/usr/lib/openssh/sshd-session","-D -R -N 2",,,"714465","d29ya2VyMjoyNDMxNTMwNDE2NDY1OTI2OjcxNDQ2NQ==","d29ya2VyMjozMTMwOTkxNjAwMDAwMDA6MTcyMTEyMA==","[{""file_arg"":{""path"":""/etc/pam.d/common-auth"",""permission"":""-rw-r--r--""},""label"":""file""},{""int_arg"":4,""label"":""mask""}]"
"2026-08-24T18:38:16.049938814Z","worker2","falco-ref-sensitive-read-untrusted","security_file_permission","/usr/lib/openssh/sshd-session","-D -R -N 2",,,"714465","d29ya2VyMjoyNDMxNTMwNDE2NDY1OTI2OjcxNDQ2NQ==","d29ya2VyMjozMTMwOTkxNjAwMDAwMDA6MTcyMTEyMA==","[{""file_arg"":{""path"":""/etc/pam.d/common-account"",""permission"":""-rw-r--r--""},""label"":""file""},{""int_arg"":4,""label"":""mask""}]"
"2026-08-24T18:38:16.049967244Z","worker2","falco-ref-sensitive-read-untrusted","security_file_permission","/usr/lib/openssh/sshd-session","-D -R -N 2",,,"714465","d29ya2VyMjoyNDMxNTMwNDE2NDY1OTI2OjcxNDQ2NQ==","d29ya2VyMjozMTMwOTkxNjAwMDAwMDA6MTcyMTEyMA==","[{""file_arg"":{""path"":""/etc/pam.d/common-account"",""permission"":""-rw-r--r--""},""label"":""file""},{""int_arg"":4,""label"":""mask""}]"
"2026-08-24T18:38:16.050009583Z","worker2","falco-ref-sensitive-read-untrusted","security_file_permission","/usr/lib/openssh/sshd-session","-D -R -N 2",,,"714465","d29ya2VyMjoyNDMxNTMwNDE2NDY1OTI2OjcxNDQ2NQ==","d29ya2VyMjozMTMwOTkxNjAwMDAwMDA6MTcyMTEyMA==","[{""file_arg"":{""path"":""/etc/pam.d/common-password"",""permission"":""-rw-r--r--""},""label"":""file""},{""int_arg"":4,""label"":""mask""}]"
"2026-08-24T18:38:16.050034073Z","worker2","falco-ref-sensitive-read-untrusted","security_file_permission","/usr/lib/openssh/sshd-session","-D -R -N 2",,,"714465","d29ya2VyMjoyNDMxNTMwNDE2NDY1OTI2OjcxNDQ2NQ==","d29ya2VyMjozMTMwOTkxNjAwMDAwMDA6MTcyMTEyMA==","[{""file_arg"":{""path"":""/etc/pam.d/common-password"",""permission"":""-rw-r--r--""},""label"":""file""},{""int_arg"":4,""label"":""mask""}]"
"2026-08-24T18:38:16.050092853Z","worker2","falco-ref-sensitive-read-untrusted","security_file_permission","/usr/lib/openssh/sshd-session","-D -R -N 2",,,"714465","d29ya2VyMjoyNDMxNTMwNDE2NDY1OTI2OjcxNDQ2NQ==","d29ya2VyMjozMTMwOTkxNjAwMDAwMDA6MTcyMTEyMA==","[{""file_arg"":{""path"":""/etc/pam.d/common-session"",""permission"":""-rw-r--r--""},""label"":""file""},{""int_arg"":4,""label"":""mask""}]"
"2026-08-24T18:38:16.050153373Z","worker2","falco-ref-sensitive-read-untrusted","security_file_permission","/usr/lib/openssh/sshd-session","-D -R -N 2",,,"714465","d29ya2VyMjoyNDMxNTMwNDE2NDY1OTI2OjcxNDQ2NQ==","d29ya2VyMjozMTMwOTkxNjAwMDAwMDA6MTcyMTEyMA==","[{""file_arg"":{""path"":""/etc/pam.d/common-session"",""permission"":""-rw-r--r--""},""label"":""file""},{""int_arg"":4,""label"":""mask""}]"
"2026-08-24T18:38:16.050170753Z","worker2","falco-ref-sensitive-read-untrusted","security_file_permission","/usr/lib/openssh/sshd-session","-D -R -N 2",,,"714465","d29ya2VyMjoyNDMxNTMwNDE2NDY1OTI2OjcxNDQ2NQ==","d29ya2VyMjozMTMwOTkxNjAwMDAwMDA6MTcyMTEyMA==","[{""file_arg"":{""path"":""/etc/pam.d/other"",""permission"":""-rw-r--r--""},""label"":""file""},{""int_arg"":4,""label"":""mask""}]"
"2026-08-24T18:38:17.909842644Z","worker2","falco-ref-sensitive-read-untrusted","security_file_permission","/usr/lib/openssh/sshd-session","-D -R -N 2",,,"714467","d29ya2VyMjoyNDMxNTMxMjYyODg3MzQ2OjcxNDQ2Nw==","d29ya2VyMjozMTMwOTkxNjAwMDAwMDA6MTcyMTEyMA==","[{""file_arg"":{""path"":""/etc/pam.d/sshd"",""permission"":""-rw-r--r--""},""label"":""file""},{""int_arg"":4,""label"":""mask""}]"
"2026-08-24T18:38:17.909900144Z","worker2","falco-ref-sensitive-read-untrusted","security_file_permission","/usr/lib/openssh/sshd-session","-D -R -N 2",,,"714467","d29ya2VyMjoyNDMxNTMxMjYyODg3MzQ2OjcxNDQ2Nw==","d29ya2VyMjozMTMwOTkxNjAwMDAwMDA6MTcyMTEyMA==","[{""file_arg"":{""path"":""/etc/pam.d/common-auth"",""permission"":""-rw-r--r--""},""label"":""file""},{""int_arg"":4,""label"":""mask""}]"
"2026-08-24T18:38:17.910833790Z","worker2","falco-ref-sensitive-read-untrusted","security_file_permission","/usr/lib/openssh/sshd-session","-D -R -N 2",,,"714467","d29ya2VyMjoyNDMxNTMxMjYyODg3MzQ2OjcxNDQ2Nw==","d29ya2VyMjozMTMwOTkxNjAwMDAwMDA6MTcyMTEyMA==","[{""file_arg"":{""path"":""/etc/pam.d/common-auth"",""permission"":""-rw-r--r--""},""label"":""file""},{""int_arg"":4,""label"":""mask""}]"
"2026-08-24T18:38:17.911042861Z","worker2","falco-ref-sensitive-read-untrusted","security_file_permission","/usr/lib/openssh/sshd-session","-D -R -N 2",,,"714467","d29ya2VyMjoyNDMxNTMxMjYyODg3MzQ2OjcxNDQ2Nw==","d29ya2VyMjozMTMwOTkxNjAwMDAwMDA6MTcyMTEyMA==","[{""file_arg"":{""path"":""/etc/pam.d/common-account"",""permission"":""-rw-r--r--""},""label"":""file""},{""int_arg"":4,""label"":""mask""}]"
"2026-08-24T18:38:17.911084040Z","worker2","falco-ref-sensitive-read-untrusted","security_file_permission","/usr/lib/openssh/sshd-session","-D -R -N 2",,,"714467","d29ya2VyMjoyNDMxNTMxMjYyODg3MzQ2OjcxNDQ2Nw==","d29ya2VyMjozMTMwOTkxNjAwMDAwMDA6MTcyMTEyMA==","[{""file_arg"":{""path"":""/etc/pam.d/common-account"",""permission"":""-rw-r--r--""},""label"":""file""},{""int_arg"":4,""label"":""mask""}]"
"2026-08-24T18:38:17.911575789Z","worker2","falco-ref-sensitive-read-untrusted","security_file_permission","/usr/lib/openssh/sshd-session","-D -R -N 2",,,"714467","d29ya2VyMjoyNDMxNTMxMjYyODg3MzQ2OjcxNDQ2Nw==","d29ya2VyMjozMTMwOTkxNjAwMDAwMDA6MTcyMTEyMA==","[{""file_arg"":{""path"":""/etc/pam.d/common-session"",""permission"":""-rw-r--r--""},""label"":""file""},{""int_arg"":4,""label"":""mask""}]"
"2026-08-24T18:38:17.912292047Z","worker2","falco-ref-sensitive-read-untrusted","security_file_permission","/usr/lib/openssh/sshd-session","-D -R -N 2",,,"714467","d29ya2VyMjoyNDMxNTMxMjYyODg3MzQ2OjcxNDQ2Nw==","d29ya2VyMjozMTMwOTkxNjAwMDAwMDA6MTcyMTEyMA==","[{""file_arg"":{""path"":""/etc/pam.d/common-session"",""permission"":""-rw-r--r--""},""label"":""file""},{""int_arg"":4,""label"":""mask""}]"
"2026-08-24T18:38:17.913504324Z","worker2","falco-ref-sensitive-read-untrusted","security_file_permission","/usr/lib/openssh/sshd-session","-D -R -N 2",,,"714467","d29ya2VyMjoyNDMxNTMxMjYyODg3MzQ2OjcxNDQ2Nw==","d29ya2VyMjozMTMwOTkxNjAwMDAwMDA6MTcyMTEyMA==","[{""file_arg"":{""path"":""/etc/pam.d/common-password"",""permission"":""-rw-r--r--""},""label"":""file""},{""int_arg"":4,""label"":""mask""}]"
"2026-08-24T18:38:17.913544544Z","worker2","falco-ref-sensitive-read-untrusted","security_file_permission","/usr/lib/openssh/sshd-session","-D -R -N 2",,,"714467","d29ya2VyMjoyNDMxNTMxMjYyODg3MzQ2OjcxNDQ2Nw==","d29ya2VyMjozMTMwOTkxNjAwMDAwMDA6MTcyMTEyMA==","[{""file_arg"":{""path"":""/etc/pam.d/common-password"",""permission"":""-rw-r--r--""},""label"":""file""},{""int_arg"":4,""label"":""mask""}]"
"2026-08-24T18:38:17.913559314Z","worker2","falco-ref-sensitive-read-untrusted","security_file_permission","/usr/lib/openssh/sshd-session","-D -R -N 2",,,"714467","d29ya2VyMjoyNDMxNTMxMjYyODg3MzQ2OjcxNDQ2Nw==","d29ya2VyMjozMTMwOTkxNjAwMDAwMDA6MTcyMTEyMA==","[{""file_arg"":{""path"":""/etc/pam.d/sshd"",""permission"":""-rw-r--r--""},""label"":""file""},{""int_arg"":4,""label"":""mask""}]"
"2026-08-24T18:38:17.913606304Z","worker2","falco-ref-sensitive-read-untrusted","security_file_permission","/usr/lib/openssh/sshd-session","-D -R -N 2",,,"714467","d29ya2VyMjoyNDMxNTMxMjYyODg3MzQ2OjcxNDQ2Nw==","d29ya2VyMjozMTMwOTkxNjAwMDAwMDA6MTcyMTEyMA==","[{""file_arg"":{""path"":""/etc/pam.d/other"",""permission"":""-rw-r--r--""},""label"":""file""},{""int_arg"":4,""label"":""mask""}]"
"2026-08-24T18:38:17.913657184Z","worker2","falco-ref-sensitive-read-untrusted","security_file_permission","/usr/lib/openssh/sshd-session","-D -R -N 2",,,"714467","d29ya2VyMjoyNDMxNTMxMjYyODg3MzQ2OjcxNDQ2Nw==","d29ya2VyMjozMTMwOTkxNjAwMDAwMDA6MTcyMTEyMA==","[{""file_arg"":{""path"":""/etc/pam.d/common-auth"",""permission"":""-rw-r--r--""},""label"":""file""},{""int_arg"":4,""label"":""mask""}]"
"2026-08-24T18:38:17.913693334Z","worker2","falco-ref-sensitive-read-untrusted","security_file_permission","/usr/lib/openssh/sshd-session","-D -R -N 2",,,"714467","d29ya2VyMjoyNDMxNTMxMjYyODg3MzQ2OjcxNDQ2Nw==","d29ya2VyMjozMTMwOTkxNjAwMDAwMDA6MTcyMTEyMA==","[{""file_arg"":{""path"":""/etc/pam.d/common-auth"",""permission"":""-rw-r--r--""},""label"":""file""},{""int_arg"":4,""label"":""mask""}]"
"2026-08-24T18:38:17.913735873Z","worker2","falco-ref-sensitive-read-untrusted","security_file_permission","/usr/lib/openssh/sshd-session","-D -R -N 2",,,"714467","d29ya2VyMjoyNDMxNTMxMjYyODg3MzQ2OjcxNDQ2Nw==","d29ya2VyMjozMTMwOTkxNjAwMDAwMDA6MTcyMTEyMA==","[{""file_arg"":{""path"":""/etc/pam.d/common-account"",""permission"":""-rw-r--r--""},""label"":""file""},{""int_arg"":4,""label"":""mask""}]"
"2026-08-24T18:38:17.913768603Z","worker2","falco-ref-sensitive-read-untrusted","security_file_permission","/usr/lib/openssh/sshd-session","-D -R -N 2",,,"714467","d29ya2VyMjoyNDMxNTMxMjYyODg3MzQ2OjcxNDQ2Nw==","d29ya2VyMjozMTMwOTkxNjAwMDAwMDA6MTcyMTEyMA==","[{""file_arg"":{""path"":""/etc/pam.d/common-account"",""permission"":""-rw-r--r--""},""label"":""file""},{""int_arg"":4,""label"":""mask""}]"
"2026-08-24T18:38:17.913829843Z","worker2","falco-ref-sensitive-read-untrusted","security_file_permission","/usr/lib/openssh/sshd-session","-D -R -N 2",,,"714467","d29ya2VyMjoyNDMxNTMxMjYyODg3MzQ2OjcxNDQ2Nw==","d29ya2VyMjozMTMwOTkxNjAwMDAwMDA6MTcyMTEyMA==","[{""file_arg"":{""path"":""/etc/pam.d/common-password"",""permission"":""-rw-r--r--""},""label"":""file""},{""int_arg"":4,""label"":""mask""}]"
"2026-08-24T18:38:17.913858033Z","worker2","falco-ref-sensitive-read-untrusted","security_file_permission","/usr/lib/openssh/sshd-session","-D -R -N 2",,,"714467","d29ya2VyMjoyNDMxNTMxMjYyODg3MzQ2OjcxNDQ2Nw==","d29ya2VyMjozMTMwOTkxNjAwMDAwMDA6MTcyMTEyMA==","[{""file_arg"":{""path"":""/etc/pam.d/common-password"",""permission"":""-rw-r--r--""},""label"":""file""},{""int_arg"":4,""label"":""mask""}]"
"2026-08-24T18:38:17.913887863Z","worker2","falco-ref-sensitive-read-untrusted","security_file_permission","/usr/lib/openssh/sshd-session","-D -R -N 2",,,"714467","d29ya2VyMjoyNDMxNTMxMjYyODg3MzQ2OjcxNDQ2Nw==","d29ya2VyMjozMTMwOTkxNjAwMDAwMDA6MTcyMTEyMA==","[{""file_arg"":{""path"":""/etc/pam.d/common-session"",""permission"":""-rw-r--r--""},""label"":""file""},{""int_arg"":4,""label"":""mask""}]"
"2026-08-24T18:38:17.913916743Z","worker2","falco-ref-sensitive-read-untrusted","security_file_permission","/usr/lib/openssh/sshd-session","-D -R -N 2",,,"714467","d29ya2VyMjoyNDMxNTMxMjYyODg3MzQ2OjcxNDQ2Nw==","d29ya2VyMjozMTMwOTkxNjAwMDAwMDA6MTcyMTEyMA==","[{""file_arg"":{""path"":""/etc/pam.d/common-session"",""permission"":""-rw-r--r--""},""label"":""file""},{""int_arg"":4,""label"":""mask""}]"
"2026-08-24T18:38:17.913945213Z","worker2","falco-ref-sensitive-read-untrusted","security_file_permission","/usr/lib/openssh/sshd-session","-D -R -N 2",,,"714467","d29ya2VyMjoyNDMxNTMxMjYyODg3MzQ2OjcxNDQ2Nw==","d29ya2VyMjozMTMwOTkxNjAwMDAwMDA6MTcyMTEyMA==","[{""file_arg"":{""path"":""/etc/pam.d/other"",""permission"":""-rw-r--r--""},""label"":""file""},{""int_arg"":4,""label"":""mask""}]"
"2026-08-24T18:38:03.638838454Z","master","falco-ref-aws-credential-search","__x64_sys_execve","/usr/bin/bash","/snap/microk8s/9072/apiservice-kicker",,,"999470","bWFzdGVyOjI0MzEyMTc2NzcxNDMzODM6OTk5NDcw","bWFzdGVyOjE0MTQ1ODk3MDAwMDAwMDoyMjU4ODc1","{""string_arg"":""/snap/microk8s/9072/bin/grep"",""label"":""filename""}"
"2026-08-24T18:38:03.638910874Z","master","falco-ref-private-key-search","__x64_sys_execve","/usr/bin/bash","/snap/microk8s/9072/apiservice-kicker",,,"999470","bWFzdGVyOjI0MzEyMTc2NzcxNDMzODM6OTk5NDcw","bWFzdGVyOjE0MTQ1ODk3MDAwMDAwMDoyMjU4ODc1","{""string_arg"":""/snap/microk8s/9072/bin/grep"",""label"":""filename""}"
"2026-08-24T18:38:03.675661581Z","master","falco-ref-run-shell-untrusted","__x64_sys_execve","/snap/microk8s/9072/openssl.wrapper","bash /snap/microk8s/9072/openssl.wrapper verify -no-CAfile -no-CApath -partial_chain -trusted /var/snap/microk8s/9072/certs/ca.crt /var/snap/microk8s/9072/certs/server.crt",,,"999478","bWFzdGVyOjI0MzEyMTc3MDkxNDM4MTY6OTk5NDc4","bWFzdGVyOjI0MzEyMTc3MDczNjUyODg6OTk5NDc3","{""string_arg"":""/snap/microk8s/9072/usr/bin/bash"",""label"":""filename""}"
"2026-08-24T18:38:03.675722061Z","master","falco-ref-run-shell-untrusted","__x64_sys_execve","/snap/microk8s/9072/openssl.wrapper","bash /snap/microk8s/9072/openssl.wrapper verify -no-CAfile -no-CApath -partial_chain -trusted /var/snap/microk8s/9072/certs/ca.crt /var/snap/microk8s/9072/certs/server.crt",,,"999478","bWFzdGVyOjI0MzEyMTc3MDkxNDM4MTY6OTk5NDc4","bWFzdGVyOjI0MzEyMTc3MDczNjUyODg6OTk5NDc3","{""string_arg"":""/snap/microk8s/9072/bin/bash"",""label"":""filename""}"
"2026-08-24T18:38:03.675760191Z","master","falco-ref-run-shell-untrusted","__x64_sys_execve","/snap/microk8s/9072/openssl.wrapper","bash /snap/microk8s/9072/openssl.wrapper verify -no-CAfile -no-CApath -partial_chain -trusted /var/snap/microk8s/9072/certs/ca.crt /var/snap/microk8s/9072/certs/server.crt",,,"999478","bWFzdGVyOjI0MzEyMTc3MDkxNDM4MTY6OTk5NDc4","bWFzdGVyOjI0MzEyMTc3MDczNjUyODg6OTk5NDc3","{""string_arg"":""/snap/microk8s/9072/usr/sbin/bash"",""label"":""filename""}"
"2026-08-24T18:38:03.675806681Z","master","falco-ref-run-shell-untrusted","__x64_sys_execve","/snap/microk8s/9072/openssl.wrapper","bash /snap/microk8s/9072/openssl.wrapper verify -no-CAfile -no-CApath -partial_chain -trusted /var/snap/microk8s/9072/certs/ca.crt /var/snap/microk8s/9072/certs/server.crt",,,"999478","bWFzdGVyOjI0MzEyMTc3MDkxNDM4MTY6OTk5NDc4","bWFzdGVyOjI0MzEyMTc3MDczNjUyODg6OTk5NDc3","{""string_arg"":""/snap/microk8s/9072/sbin/bash"",""label"":""filename""}"
"2026-08-24T18:38:03.675874010Z","master","falco-ref-run-shell-untrusted","__x64_sys_execve","/snap/microk8s/9072/openssl.wrapper","bash /snap/microk8s/9072/openssl.wrapper verify -no-CAfile -no-CApath -partial_chain -trusted /var/snap/microk8s/9072/certs/ca.crt /var/snap/microk8s/9072/certs/server.crt",,,"999478","bWFzdGVyOjI0MzEyMTc3MDkxNDM4MTY6OTk5NDc4","bWFzdGVyOjI0MzEyMTc3MDczNjUyODg6OTk5NDc3","{""string_arg"":""/usr/local/sbin/bash"",""label"":""filename""}"
"2026-08-24T18:38:03.675917141Z","master","falco-ref-run-shell-untrusted","__x64_sys_execve","/snap/microk8s/9072/openssl.wrapper","bash /snap/microk8s/9072/openssl.wrapper verify -no-CAfile -no-CApath -partial_chain -trusted /var/snap/microk8s/9072/certs/ca.crt /var/snap/microk8s/9072/certs/server.crt",,,"999478","bWFzdGVyOjI0MzEyMTc3MDkxNDM4MTY6OTk5NDc4","bWFzdGVyOjI0MzEyMTc3MDczNjUyODg6OTk5NDc3","{""string_arg"":""/usr/local/bin/bash"",""label"":""filename""}"
"2026-08-24T18:38:03.675945101Z","master","falco-ref-run-shell-untrusted","__x64_sys_execve","/snap/microk8s/9072/openssl.wrapper","bash /snap/microk8s/9072/openssl.wrapper verify -no-CAfile -no-CApath -partial_chain -trusted /var/snap/microk8s/9072/certs/ca.crt /var/snap/microk8s/9072/certs/server.crt",,,"999478","bWFzdGVyOjI0MzEyMTc3MDkxNDM4MTY6OTk5NDc4","bWFzdGVyOjI0MzEyMTc3MDczNjUyODg6OTk5NDc3","{""string_arg"":""/usr/sbin/bash"",""label"":""filename""}"
"2026-08-24T18:38:03.675985661Z","master","falco-ref-run-shell-untrusted","__x64_sys_execve","/snap/microk8s/9072/openssl.wrapper","bash /snap/microk8s/9072/openssl.wrapper verify -no-CAfile -no-CApath -partial_chain -trusted /var/snap/microk8s/9072/certs/ca.crt /var/snap/microk8s/9072/certs/server.crt",,,"999478","bWFzdGVyOjI0MzEyMTc3MDkxNDM4MTY6OTk5NDc4","bWFzdGVyOjI0MzEyMTc3MDczNjUyODg6OTk5NDc3","{""string_arg"":""/usr/bin/bash"",""label"":""filename""}"
"2026-08-24T18:38:03.797485387Z","master","falco-ref-run-shell-untrusted","__x64_sys_execve","/var/snap/microk8s/common/hooks/reconcile.d/90-calico-apply","bash /var/snap/microk8s/common/hooks/reconcile.d/90-calico-apply",,,"999484","bWFzdGVyOjI0MzEyMTc4MjkzODcwMDM6OTk5NDg0","bWFzdGVyOjI0MzEyMTc3NDM1MTMyNzU6OTk5NDgy","{""string_arg"":""/snap/microk8s/9072/usr/bin/bash"",""label"":""filename""}"
"2026-08-24T18:38:03.797556618Z","master","falco-ref-run-shell-untrusted","__x64_sys_execve","/var/snap/microk8s/common/hooks/reconcile.d/90-calico-apply","bash /var/snap/microk8s/common/hooks/reconcile.d/90-calico-apply",,,"999484","bWFzdGVyOjI0MzEyMTc4MjkzODcwMDM6OTk5NDg0","bWFzdGVyOjI0MzEyMTc3NDM1MTMyNzU6OTk5NDgy","{""string_arg"":""/snap/microk8s/9072/bin/bash"",""label"":""filename""}"
"2026-08-24T18:38:03.797602918Z","master","falco-ref-run-shell-untrusted","__x64_sys_execve","/var/snap/microk8s/common/hooks/reconcile.d/90-calico-apply","bash /var/snap/microk8s/common/hooks/reconcile.d/90-calico-apply",,,"999484","bWFzdGVyOjI0MzEyMTc4MjkzODcwMDM6OTk5NDg0","bWFzdGVyOjI0MzEyMTc3NDM1MTMyNzU6OTk5NDgy","{""string_arg"":""/snap/microk8s/9072/usr/sbin/bash"",""label"":""filename""}"
"2026-08-24T18:38:03.798371317Z","master","falco-ref-run-shell-untrusted","__x64_sys_execve","/var/snap/microk8s/common/hooks/reconcile.d/90-calico-apply","bash /var/snap/microk8s/common/hooks/reconcile.d/90-calico-apply",,,"999484","bWFzdGVyOjI0MzEyMTc4MjkzODcwMDM6OTk5NDg0","bWFzdGVyOjI0MzEyMTc3NDM1MTMyNzU6OTk5NDgy","{""string_arg"":""/snap/microk8s/9072/sbin/bash"",""label"":""filename""}"
"2026-08-24T18:38:03.797685777Z","master","falco-ref-run-shell-untrusted","__x64_sys_execve","/var/snap/microk8s/common/hooks/reconcile.d/90-calico-apply","bash /var/snap/microk8s/common/hooks/reconcile.d/90-calico-apply",,,"999484","bWFzdGVyOjI0MzEyMTc4MjkzODcwMDM6OTk5NDg0","bWFzdGVyOjI0MzEyMTc3NDM1MTMyNzU6OTk5NDgy","{""string_arg"":""/usr/local/sbin/bash"",""label"":""filename""}"
"2026-08-24T18:38:03.797729647Z","master","falco-ref-run-shell-untrusted","__x64_sys_execve","/var/snap/microk8s/common/hooks/reconcile.d/90-calico-apply","bash /var/snap/microk8s/common/hooks/reconcile.d/90-calico-apply",,,"999484","bWFzdGVyOjI0MzEyMTc4MjkzODcwMDM6OTk5NDg0","bWFzdGVyOjI0MzEyMTc3NDM1MTMyNzU6OTk5NDgy","{""string_arg"":""/usr/local/bin/bash"",""label"":""filename""}"
"2026-08-24T18:38:03.797757307Z","master","falco-ref-run-shell-untrusted","__x64_sys_execve","/var/snap/microk8s/common/hooks/reconcile.d/90-calico-apply","bash /var/snap/microk8s/common/hooks/reconcile.d/90-calico-apply",,,"999484","bWFzdGVyOjI0MzEyMTc4MjkzODcwMDM6OTk5NDg0","bWFzdGVyOjI0MzEyMTc3NDM1MTMyNzU6OTk5NDgy","{""string_arg"":""/usr/sbin/bash"",""label"":""filename""}"
"2026-08-24T18:38:03.798427007Z","master","falco-ref-run-shell-untrusted","__x64_sys_execve","/var/snap/microk8s/common/hooks/reconcile.d/90-calico-apply","bash /var/snap/microk8s/common/hooks/reconcile.d/90-calico-apply",,,"999484","bWFzdGVyOjI0MzEyMTc4MjkzODcwMDM6OTk5NDg0","bWFzdGVyOjI0MzEyMTc3NDM1MTMyNzU6OTk5NDgy","{""string_arg"":""/usr/bin/bash"",""label"":""filename""}"
"2026-08-24T18:38:03.833363725Z","master","falco-ref-aws-credential-search","__x64_sys_execve","/usr/bin/bash","/snap/microk8s/9072/apiservice-kicker",,,"999488","bWFzdGVyOjI0MzEyMTc4NzE0NTI0MTQ6OTk5NDg4","bWFzdGVyOjE0MTQ1ODk3MDAwMDAwMDoyMjU4ODc1","{""string_arg"":""/snap/microk8s/9072/bin/grep"",""label"":""filename""}"
"2026-08-24T18:38:03.833393525Z","master","falco-ref-private-key-search","__x64_sys_execve","/usr/bin/bash","/snap/microk8s/9072/apiservice-kicker",,,"999488","bWFzdGVyOjI0MzEyMTc4NzE0NTI0MTQ6OTk5NDg4","bWFzdGVyOjE0MTQ1ODk3MDAwMDAwMDoyMjU4ODc1","{""string_arg"":""/snap/microk8s/9072/bin/grep"",""label"":""filename""}"
"2026-08-24T18:38:05.120531506Z","master","falco-ref-sensitive-read-untrusted","security_file_permission","/usr/lib/openssh/sshd-session","-D -R -N 2",,,"999495","bWFzdGVyOjI0MzEyMTgwNDMyNzMwMjI6OTk5NDk1","bWFzdGVyOjMxNTUzOTc4MDAwMDAwMDo4Mzg1ODY=","[{""file_arg"":{""path"":""/etc/pam.d/sshd"",""permission"":""-rw-r--r--""},""label"":""file""},{""int_arg"":4,""label"":""mask""}]"
"2026-08-24T18:38:05.120674195Z","master","falco-ref-sensitive-read-untrusted","security_file_permission","/usr/lib/openssh/sshd-session","-D -R -N 2",,,"999495","bWFzdGVyOjI0MzEyMTgwNDMyNzMwMjI6OTk5NDk1","bWFzdGVyOjMxNTUzOTc4MDAwMDAwMDo4Mzg1ODY=","[{""file_arg"":{""path"":""/etc/pam.d/common-auth"",""permission"":""-rw-r--r--""},""label"":""file""},{""int_arg"":4,""label"":""mask""}]"
"2026-08-24T18:38:05.122224113Z","master","falco-ref-sensitive-read-untrusted","security_file_permission","/usr/lib/openssh/sshd-session","-D -R -N 2",,,"999495","bWFzdGVyOjI0MzEyMTgwNDMyNzMwMjI6OTk5NDk1","bWFzdGVyOjMxNTUzOTc4MDAwMDAwMDo4Mzg1ODY=","[{""file_arg"":{""path"":""/etc/pam.d/common-auth"",""permission"":""-rw-r--r--""},""label"":""file""},{""int_arg"":4,""label"":""mask""}]"
"2026-08-24T18:38:05.121770845Z","master","falco-ref-sensitive-read-untrusted","security_file_permission","/usr/lib/openssh/sshd-session","-D -R -N 2",,,"999495","bWFzdGVyOjI0MzEyMTgwNDMyNzMwMjI6OTk5NDk1","bWFzdGVyOjMxNTUzOTc4MDAwMDAwMDo4Mzg1ODY=","[{""file_arg"":{""path"":""/etc/pam.d/common-account"",""permission"":""-rw-r--r--""},""label"":""file""},{""int_arg"":4,""label"":""mask""}]"
"2026-08-24T18:38:05.121791085Z","master","falco-ref-sensitive-read-untrusted","security_file_permission","/usr/lib/openssh/sshd-session","-D -R -N 2",,,"999495","bWFzdGVyOjI0MzEyMTgwNDMyNzMwMjI6OTk5NDk1","bWFzdGVyOjMxNTUzOTc4MDAwMDAwMDo4Mzg1ODY=","[{""file_arg"":{""path"":""/etc/pam.d/common-account"",""permission"":""-rw-r--r--""},""label"":""file""},{""int_arg"":4,""label"":""mask""}]"
"2026-08-24T18:38:05.122301054Z","master","falco-ref-sensitive-read-untrusted","security_file_permission","/usr/lib/openssh/sshd-session","-D -R -N 2",,,"999495","bWFzdGVyOjI0MzEyMTgwNDMyNzMwMjI6OTk5NDk1","bWFzdGVyOjMxNTUzOTc4MDAwMDAwMDo4Mzg1ODY=","[{""file_arg"":{""path"":""/etc/pam.d/common-session"",""permission"":""-rw-r--r--""},""label"":""file""},{""int_arg"":4,""label"":""mask""}]"
"2026-08-24T18:38:05.123130633Z","master","falco-ref-sensitive-read-untrusted","security_file_permission","/usr/lib/openssh/sshd-session","-D -R -N 2",,,"999495","bWFzdGVyOjI0MzEyMTgwNDMyNzMwMjI6OTk5NDk1","bWFzdGVyOjMxNTUzOTc4MDAwMDAwMDo4Mzg1ODY=","[{""file_arg"":{""path"":""/etc/pam.d/common-session"",""permission"":""-rw-r--r--""},""label"":""file""},{""int_arg"":4,""label"":""mask""}]"
"2026-08-24T18:38:05.124316372Z","master","falco-ref-sensitive-read-untrusted","security_file_permission","/usr/lib/openssh/sshd-session","-D -R -N 2",,,"999495","bWFzdGVyOjI0MzEyMTgwNDMyNzMwMjI6OTk5NDk1","bWFzdGVyOjMxNTUzOTc4MDAwMDAwMDo4Mzg1ODY=","[{""file_arg"":{""path"":""/etc/pam.d/common-password"",""permission"":""-rw-r--r--""},""label"":""file""},{""int_arg"":4,""label"":""mask""}]"
"2026-08-24T18:38:05.124340872Z","master","falco-ref-sensitive-read-untrusted","security_file_permission","/usr/lib/openssh/sshd-session","-D -R -N 2",,,"999495","bWFzdGVyOjI0MzEyMTgwNDMyNzMwMjI6OTk5NDk1","bWFzdGVyOjMxNTUzOTc4MDAwMDAwMDo4Mzg1ODY=","[{""file_arg"":{""path"":""/etc/pam.d/common-password"",""permission"":""-rw-r--r--""},""label"":""file""},{""int_arg"":4,""label"":""mask""}]"
"2026-08-24T18:38:05.124356182Z","master","falco-ref-sensitive-read-untrusted","security_file_permission","/usr/lib/openssh/sshd-session","-D -R -N 2",,,"999495","bWFzdGVyOjI0MzEyMTgwNDMyNzMwMjI6OTk5NDk1","bWFzdGVyOjMxNTUzOTc4MDAwMDAwMDo4Mzg1ODY=","[{""file_arg"":{""path"":""/etc/pam.d/sshd"",""permission"":""-rw-r--r--""},""label"":""file""},{""int_arg"":4,""label"":""mask""}]"
"2026-08-24T18:38:05.124404522Z","master","falco-ref-sensitive-read-untrusted","security_file_permission","/usr/lib/openssh/sshd-session","-D -R -N 2",,,"999495","bWFzdGVyOjI0MzEyMTgwNDMyNzMwMjI6OTk5NDk1","bWFzdGVyOjMxNTUzOTc4MDAwMDAwMDo4Mzg1ODY=","[{""file_arg"":{""path"":""/etc/pam.d/other"",""permission"":""-rw-r--r--""},""label"":""file""},{""int_arg"":4,""label"":""mask""}]"
"2026-08-24T18:38:05.124448131Z","master","falco-ref-sensitive-read-untrusted","security_file_permission","/usr/lib/openssh/sshd-session","-D -R -N 2",,,"999495","bWFzdGVyOjI0MzEyMTgwNDMyNzMwMjI6OTk5NDk1","bWFzdGVyOjMxNTUzOTc4MDAwMDAwMDo4Mzg1ODY=","[{""file_arg"":{""path"":""/etc/pam.d/common-auth"",""permission"":""-rw-r--r--""},""label"":""file""},{""int_arg"":4,""label"":""mask""}]"
"2026-08-24T18:38:05.124488581Z","master","falco-ref-sensitive-read-untrusted","security_file_permission","/usr/lib/openssh/sshd-session","-D -R -N 2",,,"999495","bWFzdGVyOjI0MzEyMTgwNDMyNzMwMjI6OTk5NDk1","bWFzdGVyOjMxNTUzOTc4MDAwMDAwMDo4Mzg1ODY=","[{""file_arg"":{""path"":""/etc/pam.d/common-auth"",""permission"":""-rw-r--r--""},""label"":""file""},{""int_arg"":4,""label"":""mask""}]"
"2026-08-24T18:38:05.124519131Z","master","falco-ref-sensitive-read-untrusted","security_file_permission","/usr/lib/openssh/sshd-session","-D -R -N 2",,,"999495","bWFzdGVyOjI0MzEyMTgwNDMyNzMwMjI6OTk5NDk1","bWFzdGVyOjMxNTUzOTc4MDAwMDAwMDo4Mzg1ODY=","[{""file_arg"":{""path"":""/etc/pam.d/common-account"",""permission"":""-rw-r--r--""},""label"":""file""},{""int_arg"":4,""label"":""mask""}]"
"2026-08-24T18:38:05.124565921Z","master","falco-ref-sensitive-read-untrusted","security_file_permission","/usr/lib/openssh/sshd-session","-D -R -N 2",,,"999495","bWFzdGVyOjI0MzEyMTgwNDMyNzMwMjI6OTk5NDk1","bWFzdGVyOjMxNTUzOTc4MDAwMDAwMDo4Mzg1ODY=","[{""file_arg"":{""path"":""/etc/pam.d/common-account"",""permission"":""-rw-r--r--""},""label"":""file""},{""int_arg"":4,""label"":""mask""}]"
"2026-08-24T18:38:05.124614451Z","master","falco-ref-sensitive-read-untrusted","security_file_permission","/usr/lib/openssh/sshd-session","-D -R -N 2",,,"999495","bWFzdGVyOjI0MzEyMTgwNDMyNzMwMjI6OTk5NDk1","bWFzdGVyOjMxNTUzOTc4MDAwMDAwMDo4Mzg1ODY=","[{""file_arg"":{""path"":""/etc/pam.d/common-password"",""permission"":""-rw-r--r--""},""label"":""file""},{""int_arg"":4,""label"":""mask""}]"
"2026-08-24T18:38:05.124656111Z","master","falco-ref-sensitive-read-untrusted","security_file_permission","/usr/lib/openssh/sshd-session","-D -R -N 2",,,"999495","bWFzdGVyOjI0MzEyMTgwNDMyNzMwMjI6OTk5NDk1","bWFzdGVyOjMxNTUzOTc4MDAwMDAwMDo4Mzg1ODY=","[{""file_arg"":{""path"":""/etc/pam.d/common-password"",""permission"":""-rw-r--r--""},""label"":""file""},{""int_arg"":4,""label"":""mask""}]"
"2026-08-24T18:38:05.124711781Z","master","falco-ref-sensitive-read-untrusted","security_file_permission","/usr/lib/openssh/sshd-session","-D -R -N 2",,,"999495","bWFzdGVyOjI0MzEyMTgwNDMyNzMwMjI6OTk5NDk1","bWFzdGVyOjMxNTUzOTc4MDAwMDAwMDo4Mzg1ODY=","[{""file_arg"":{""path"":""/etc/pam.d/common-session"",""permission"":""-rw-r--r--""},""label"":""file""},{""int_arg"":4,""label"":""mask""}]"
"2026-08-24T18:38:05.124743691Z","master","falco-ref-sensitive-read-untrusted","security_file_permission","/usr/lib/openssh/sshd-session","-D -R -N 2",,,"999495","bWFzdGVyOjI0MzEyMTgwNDMyNzMwMjI6OTk5NDk1","bWFzdGVyOjMxNTUzOTc4MDAwMDAwMDo4Mzg1ODY=","[{""file_arg"":{""path"":""/etc/pam.d/common-session"",""permission"":""-rw-r--r--""},""label"":""file""},{""int_arg"":4,""label"":""mask""}]"
"2026-08-24T18:38:05.124771461Z","master","falco-ref-sensitive-read-untrusted","security_file_permission","/usr/lib/openssh/sshd-session","-D -R -N 2",,,"999495","bWFzdGVyOjI0MzEyMTgwNDMyNzMwMjI6OTk5NDk1","bWFzdGVyOjMxNTUzOTc4MDAwMDAwMDo4Mzg1ODY=","[{""file_arg"":{""path"":""/etc/pam.d/other"",""permission"":""-rw-r--r--""},""label"":""file""},{""int_arg"":4,""label"":""mask""}]"
"2026-08-24T18:38:08.876172533Z","master","falco-ref-aws-credential-search","__x64_sys_execve","/usr/bin/bash","/snap/microk8s/9072/apiservice-kicker",,,"999528","bWFzdGVyOjI0MzEyMjI5MTI5MTc0OTQ6OTk5NTI4","bWFzdGVyOjE0MTQ1ODk3MDAwMDAwMDoyMjU4ODc1","{""string_arg"":""/snap/microk8s/9072/bin/grep"",""label"":""filename""}"
"2026-08-24T18:38:08.876209154Z","master","falco-ref-private-key-search","__x64_sys_execve","/usr/bin/bash","/snap/microk8s/9072/apiservice-kicker",,,"999528","bWFzdGVyOjI0MzEyMjI5MTI5MTc0OTQ6OTk5NTI4","bWFzdGVyOjE0MTQ1ODk3MDAwMDAwMDoyMjU4ODc1","{""string_arg"":""/snap/microk8s/9072/bin/grep"",""label"":""filename""}"
"2026-08-24T18:38:08.922212969Z","master","falco-ref-run-shell-untrusted","__x64_sys_execve","/snap/microk8s/9072/openssl.wrapper","bash /snap/microk8s/9072/openssl.wrapper verify -no-CAfile -no-CApath -partial_chain -trusted /var/snap/microk8s/9072/certs/ca.crt /var/snap/microk8s/9072/certs/server.crt",,,"999537","bWFzdGVyOjI0MzEyMjI5NTQzNzk5NjU6OTk5NTM3","bWFzdGVyOjI0MzEyMjI5NTE5NDM3ODg6OTk5NTM2","{""string_arg"":""/snap/microk8s/9072/usr/bin/bash"",""label"":""filename""}"
"2026-08-24T18:38:08.922273549Z","master","falco-ref-run-shell-untrusted","__x64_sys_execve","/snap/microk8s/9072/openssl.wrapper","bash /snap/microk8s/9072/openssl.wrapper verify -no-CAfile -no-CApath -partial_chain -trusted /var/snap/microk8s/9072/certs/ca.crt /var/snap/microk8s/9072/certs/server.crt",,,"999537","bWFzdGVyOjI0MzEyMjI5NTQzNzk5NjU6OTk5NTM3","bWFzdGVyOjI0MzEyMjI5NTE5NDM3ODg6OTk5NTM2","{""string_arg"":""/snap/microk8s/9072/bin/bash"",""label"":""filename""}"
"2026-08-24T18:38:08.922318739Z","master","falco-ref-run-shell-untrusted","__x64_sys_execve","/snap/microk8s/9072/openssl.wrapper","bash /snap/microk8s/9072/openssl.wrapper verify -no-CAfile -no-CApath -partial_chain -trusted /var/snap/microk8s/9072/certs/ca.crt /var/snap/microk8s/9072/certs/server.crt",,,"999537","bWFzdGVyOjI0MzEyMjI5NTQzNzk5NjU6OTk5NTM3","bWFzdGVyOjI0MzEyMjI5NTE5NDM3ODg6OTk5NTM2","{""string_arg"":""/snap/microk8s/9072/usr/sbin/bash"",""label"":""filename""}"
"2026-08-24T18:38:08.922361269Z","master","falco-ref-run-shell-untrusted","__x64_sys_execve","/snap/microk8s/9072/openssl.wrapper","bash /snap/microk8s/9072/openssl.wrapper verify -no-CAfile -no-CApath -partial_chain -trusted /var/snap/microk8s/9072/certs/ca.crt /var/snap/microk8s/9072/certs/server.crt",,,"999537","bWFzdGVyOjI0MzEyMjI5NTQzNzk5NjU6OTk5NTM3","bWFzdGVyOjI0MzEyMjI5NTE5NDM3ODg6OTk5NTM2","{""string_arg"":""/snap/microk8s/9072/sbin/bash"",""label"":""filename""}"
"2026-08-24T18:38:08.922402799Z","master","falco-ref-run-shell-untrusted","__x64_sys_execve","/snap/microk8s/9072/openssl.wrapper","bash /snap/microk8s/9072/openssl.wrapper verify -no-CAfile -no-CApath -partial_chain -trusted /var/snap/microk8s/9072/certs/ca.crt /var/snap/microk8s/9072/certs/server.crt",,,"999537","bWFzdGVyOjI0MzEyMjI5NTQzNzk5NjU6OTk5NTM3","bWFzdGVyOjI0MzEyMjI5NTE5NDM3ODg6OTk5NTM2","{""string_arg"":""/usr/local/sbin/bash"",""label"":""filename""}"
"2026-08-24T18:38:08.922454799Z","master","falco-ref-run-shell-untrusted","__x64_sys_execve","/snap/microk8s/9072/openssl.wrapper","bash /snap/microk8s/9072/openssl.wrapper verify -no-CAfile -no-CApath -partial_chain -trusted /var/snap/microk8s/9072/certs/ca.crt /var/snap/microk8s/9072/certs/server.crt",,,"999537","bWFzdGVyOjI0MzEyMjI5NTQzNzk5NjU6OTk5NTM3","bWFzdGVyOjI0MzEyMjI5NTE5NDM3ODg6OTk5NTM2","{""string_arg"":""/usr/local/bin/bash"",""label"":""filename""}"
"2026-08-24T18:38:08.922502498Z","master","falco-ref-run-shell-untrusted","__x64_sys_execve","/snap/microk8s/9072/openssl.wrapper","bash /snap/microk8s/9072/openssl.wrapper verify -no-CAfile -no-CApath -partial_chain -trusted /var/snap/microk8s/9072/certs/ca.crt /var/snap/microk8s/9072/certs/server.crt",,,"999537","bWFzdGVyOjI0MzEyMjI5NTQzNzk5NjU6OTk5NTM3","bWFzdGVyOjI0MzEyMjI5NTE5NDM3ODg6OTk5NTM2","{""string_arg"":""/usr/sbin/bash"",""label"":""filename""}"
"2026-08-24T18:38:08.922546818Z","master","falco-ref-run-shell-untrusted","__x64_sys_execve","/snap/microk8s/9072/openssl.wrapper","bash /snap/microk8s/9072/openssl.wrapper verify -no-CAfile -no-CApath -partial_chain -trusted /var/snap/microk8s/9072/certs/ca.crt /var/snap/microk8s/9072/certs/server.crt",,,"999537","bWFzdGVyOjI0MzEyMjI5NTQzNzk5NjU6OTk5NTM3","bWFzdGVyOjI0MzEyMjI5NTE5NDM3ODg6OTk5NTM2","{""string_arg"":""/usr/bin/bash"",""label"":""filename""}"
"2026-08-24T18:38:09.030824461Z","master","falco-ref-run-shell-untrusted","__x64_sys_execve","/var/snap/microk8s/common/hooks/reconcile.d/90-calico-apply","bash /var/snap/microk8s/common/hooks/reconcile.d/90-calico-apply",,,"999543","bWFzdGVyOjI0MzEyMjMwNjMwOTI0ODc6OTk5NTQz","bWFzdGVyOjI0MzEyMjI5ODg0MzIyNTU6OTk5NTQx","{""string_arg"":""/snap/microk8s/9072/usr/bin/bash"",""label"":""filename""}"
"2026-08-24T18:38:09.030941241Z","master","falco-ref-run-shell-untrusted","__x64_sys_execve","/var/snap/microk8s/common/hooks/reconcile.d/90-calico-apply","bash /var/snap/microk8s/common/hooks/reconcile.d/90-calico-apply",,,"999543","bWFzdGVyOjI0MzEyMjMwNjMwOTI0ODc6OTk5NTQz","bWFzdGVyOjI0MzEyMjI5ODg0MzIyNTU6OTk5NTQx","{""string_arg"":""/snap/microk8s/9072/bin/bash"",""label"":""filename""}"
"2026-08-24T18:38:09.031002341Z","master","falco-ref-run-shell-untrusted","__x64_sys_execve","/var/snap/microk8s/common/hooks/reconcile.d/90-calico-apply","bash /var/snap/microk8s/common/hooks/reconcile.d/90-calico-apply",,,"999543","bWFzdGVyOjI0MzEyMjMwNjMwOTI0ODc6OTk5NTQz","bWFzdGVyOjI0MzEyMjI5ODg0MzIyNTU6OTk5NTQx","{""string_arg"":""/snap/microk8s/9072/usr/sbin/bash"",""label"":""filename""}"
"2026-08-24T18:38:09.031035701Z","master","falco-ref-run-shell-untrusted","__x64_sys_execve","/var/snap/microk8s/common/hooks/reconcile.d/90-calico-apply","bash /var/snap/microk8s/common/hooks/reconcile.d/90-calico-apply",,,"999543","bWFzdGVyOjI0MzEyMjMwNjMwOTI0ODc6OTk5NTQz","bWFzdGVyOjI0MzEyMjI5ODg0MzIyNTU6OTk5NTQx","{""string_arg"":""/snap/microk8s/9072/sbin/bash"",""label"":""filename""}"
"2026-08-24T18:38:09.031074221Z","master","falco-ref-run-shell-untrusted","__x64_sys_execve","/var/snap/microk8s/common/hooks/reconcile.d/90-calico-apply","bash /var/snap/microk8s/common/hooks/reconcile.d/90-calico-apply",,,"999543","bWFzdGVyOjI0MzEyMjMwNjMwOTI0ODc6OTk5NTQz","bWFzdGVyOjI0MzEyMjI5ODg0MzIyNTU6OTk5NTQx","{""string_arg"":""/usr/local/sbin/bash"",""label"":""filename""}"
"2026-08-24T18:38:09.031121271Z","master","falco-ref-run-shell-untrusted","__x64_sys_execve","/var/snap/microk8s/common/hooks/reconcile.d/90-calico-apply","bash /var/snap/microk8s/common/hooks/reconcile.d/90-calico-apply",,,"999543","bWFzdGVyOjI0MzEyMjMwNjMwOTI0ODc6OTk5NTQz","bWFzdGVyOjI0MzEyMjI5ODg0MzIyNTU6OTk5NTQx","{""string_arg"":""/usr/local/bin/bash"",""label"":""filename""}"
"2026-08-24T18:38:09.031149950Z","master","falco-ref-run-shell-untrusted","__x64_sys_execve","/var/snap/microk8s/common/hooks/reconcile.d/90-calico-apply","bash /var/snap/microk8s/common/hooks/reconcile.d/90-calico-apply",,,"999543","bWFzdGVyOjI0MzEyMjMwNjMwOTI0ODc6OTk5NTQz","bWFzdGVyOjI0MzEyMjI5ODg0MzIyNTU6OTk5NTQx","{""string_arg"":""/usr/sbin/bash"",""label"":""filename""}"
"2026-08-24T18:38:09.031186540Z","master","falco-ref-run-shell-untrusted","__x64_sys_execve","/var/snap/microk8s/common/hooks/reconcile.d/90-calico-apply","bash /var/snap/microk8s/common/hooks/reconcile.d/90-calico-apply",,,"999543","bWFzdGVyOjI0MzEyMjMwNjMwOTI0ODc6OTk5NTQz","bWFzdGVyOjI0MzEyMjI5ODg0MzIyNTU6OTk5NTQx","{""string_arg"":""/usr/bin/bash"",""label"":""filename""}"
"2026-08-24T18:38:09.069378106Z","master","falco-ref-aws-credential-search","__x64_sys_execve","/usr/bin/bash","/snap/microk8s/9072/apiservice-kicker",,,"999547","bWFzdGVyOjI0MzEyMjMxMDgwMjUwNTQ6OTk5NTQ3","bWFzdGVyOjE0MTQ1ODk3MDAwMDAwMDoyMjU4ODc1","{""string_arg"":""/snap/microk8s/9072/bin/grep"",""label"":""filename""}"
"2026-08-24T18:38:09.069404475Z","master","falco-ref-private-key-search","__x64_sys_execve","/usr/bin/bash","/snap/microk8s/9072/apiservice-kicker",,,"999547","bWFzdGVyOjI0MzEyMjMxMDgwMjUwNTQ6OTk5NTQ3","bWFzdGVyOjE0MTQ1ODk3MDAwMDAwMDoyMjU4ODc1","{""string_arg"":""/snap/microk8s/9072/bin/grep"",""label"":""filename""}"
"2026-08-24T18:38:14.113079582Z","master","falco-ref-aws-credential-search","__x64_sys_execve","/usr/bin/bash","/snap/microk8s/9072/apiservice-kicker",,,"999642","bWFzdGVyOjI0MzEyMjgxNTE1Mjk4MjE6OTk5NjQy","bWFzdGVyOjE0MTQ1ODk3MDAwMDAwMDoyMjU4ODc1","{""string_arg"":""/snap/microk8s/9072/bin/grep"",""label"":""filename""}"
"2026-08-24T18:38:14.113129092Z","master","falco-ref-private-key-search","__x64_sys_execve","/usr/bin/bash","/snap/microk8s/9072/apiservice-kicker",,,"999642","bWFzdGVyOjI0MzEyMjgxNTE1Mjk4MjE6OTk5NjQy","bWFzdGVyOjE0MTQ1ODk3MDAwMDAwMDoyMjU4ODc1","{""string_arg"":""/snap/microk8s/9072/bin/grep"",""label"":""filename""}"
"2026-08-24T18:38:14.136893624Z","master","falco-ref-run-shell-untrusted","__x64_sys_execve","/snap/microk8s/9072/openssl.wrapper","bash /snap/microk8s/9072/openssl.wrapper verify -no-CAfile -no-CApath -partial_chain -trusted /var/snap/microk8s/9072/certs/ca.crt /var/snap/microk8s/9072/certs/server.crt",,,"999650","bWFzdGVyOjI0MzEyMjgxNzI1MDYyMzc6OTk5NjUw","bWFzdGVyOjI0MzEyMjgxNzE0ODI0NDc6OTk5NjQ5","{""string_arg"":""/snap/microk8s/9072/usr/bin/bash"",""label"":""filename""}"
"2026-08-24T18:38:14.136927834Z","master","falco-ref-run-shell-untrusted","__x64_sys_execve","/snap/microk8s/9072/openssl.wrapper","bash /snap/microk8s/9072/openssl.wrapper verify -no-CAfile -no-CApath -partial_chain -trusted /var/snap/microk8s/9072/certs/ca.crt /var/snap/microk8s/9072/certs/server.crt",,,"999650","bWFzdGVyOjI0MzEyMjgxNzI1MDYyMzc6OTk5NjUw","bWFzdGVyOjI0MzEyMjgxNzE0ODI0NDc6OTk5NjQ5","{""string_arg"":""/snap/microk8s/9072/bin/bash"",""label"":""filename""}"
"2026-08-24T18:38:14.136945204Z","master","falco-ref-run-shell-untrusted","__x64_sys_execve","/snap/microk8s/9072/openssl.wrapper","bash /snap/microk8s/9072/openssl.wrapper verify -no-CAfile -no-CApath -partial_chain -trusted /var/snap/microk8s/9072/certs/ca.crt /var/snap/microk8s/9072/certs/server.crt",,,"999650","bWFzdGVyOjI0MzEyMjgxNzI1MDYyMzc6OTk5NjUw","bWFzdGVyOjI0MzEyMjgxNzE0ODI0NDc6OTk5NjQ5","{""string_arg"":""/snap/microk8s/9072/usr/sbin/bash"",""label"":""filename""}"
"2026-08-24T18:38:14.136959824Z","master","falco-ref-run-shell-untrusted","__x64_sys_execve","/snap/microk8s/9072/openssl.wrapper","bash /snap/microk8s/9072/openssl.wrapper verify -no-CAfile -no-CApath -partial_chain -trusted /var/snap/microk8s/9072/certs/ca.crt /var/snap/microk8s/9072/certs/server.crt",,,"999650","bWFzdGVyOjI0MzEyMjgxNzI1MDYyMzc6OTk5NjUw","bWFzdGVyOjI0MzEyMjgxNzE0ODI0NDc6OTk5NjQ5","{""string_arg"":""/snap/microk8s/9072/sbin/bash"",""label"":""filename""}"
"2026-08-24T18:38:14.136971274Z","master","falco-ref-run-shell-untrusted","__x64_sys_execve","/snap/microk8s/9072/openssl.wrapper","bash /snap/microk8s/9072/openssl.wrapper verify -no-CAfile -no-CApath -partial_chain -trusted /var/snap/microk8s/9072/certs/ca.crt /var/snap/microk8s/9072/certs/server.crt",,,"999650","bWFzdGVyOjI0MzEyMjgxNzI1MDYyMzc6OTk5NjUw","bWFzdGVyOjI0MzEyMjgxNzE0ODI0NDc6OTk5NjQ5","{""string_arg"":""/usr/local/sbin/bash"",""label"":""filename""}"
"2026-08-24T18:38:14.136986854Z","master","falco-ref-run-shell-untrusted","__x64_sys_execve","/snap/microk8s/9072/openssl.wrapper","bash /snap/microk8s/9072/openssl.wrapper verify -no-CAfile -no-CApath -partial_chain -trusted /var/snap/microk8s/9072/certs/ca.crt /var/snap/microk8s/9072/certs/server.crt",,,"999650","bWFzdGVyOjI0MzEyMjgxNzI1MDYyMzc6OTk5NjUw","bWFzdGVyOjI0MzEyMjgxNzE0ODI0NDc6OTk5NjQ5","{""string_arg"":""/usr/local/bin/bash"",""label"":""filename""}"
"2026-08-24T18:38:14.137003054Z","master","falco-ref-run-shell-untrusted","__x64_sys_execve","/snap/microk8s/9072/openssl.wrapper","bash /snap/microk8s/9072/openssl.wrapper verify -no-CAfile -no-CApath -partial_chain -trusted /var/snap/microk8s/9072/certs/ca.crt /var/snap/microk8s/9072/certs/server.crt",,,"999650","bWFzdGVyOjI0MzEyMjgxNzI1MDYyMzc6OTk5NjUw","bWFzdGVyOjI0MzEyMjgxNzE0ODI0NDc6OTk5NjQ5","{""string_arg"":""/usr/sbin/bash"",""label"":""filename""}"
"2026-08-24T18:38:14.137018014Z","master","falco-ref-run-shell-untrusted","__x64_sys_execve","/snap/microk8s/9072/openssl.wrapper","bash /snap/microk8s/9072/openssl.wrapper verify -no-CAfile -no-CApath -partial_chain -trusted /var/snap/microk8s/9072/certs/ca.crt /var/snap/microk8s/9072/certs/server.crt",,,"999650","bWFzdGVyOjI0MzEyMjgxNzI1MDYyMzc6OTk5NjUw","bWFzdGVyOjI0MzEyMjgxNzE0ODI0NDc6OTk5NjQ5","{""string_arg"":""/usr/bin/bash"",""label"":""filename""}"
"2026-08-24T18:38:14.222434613Z","master","falco-ref-run-shell-untrusted","__x64_sys_execve","/var/snap/microk8s/common/hooks/reconcile.d/90-calico-apply","bash /var/snap/microk8s/common/hooks/reconcile.d/90-calico-apply",,,"999656","bWFzdGVyOjI0MzEyMjgyNTg0NTAyOTU6OTk5NjU2","bWFzdGVyOjI0MzEyMjgxOTM0NTUxMjI6OTk5NjU0","{""string_arg"":""/snap/microk8s/9072/usr/bin/bash"",""label"":""filename""}"
"2026-08-24T18:38:14.222467813Z","master","falco-ref-run-shell-untrusted","__x64_sys_execve","/var/snap/microk8s/common/hooks/reconcile.d/90-calico-apply","bash /var/snap/microk8s/common/hooks/reconcile.d/90-calico-apply",,,"999656","bWFzdGVyOjI0MzEyMjgyNTg0NTAyOTU6OTk5NjU2","bWFzdGVyOjI0MzEyMjgxOTM0NTUxMjI6OTk5NjU0","{""string_arg"":""/snap/microk8s/9072/bin/bash"",""label"":""filename""}"
"2026-08-24T18:38:14.222491893Z","master","falco-ref-run-shell-untrusted","__x64_sys_execve","/var/snap/microk8s/common/hooks/reconcile.d/90-calico-apply","bash /var/snap/microk8s/common/hooks/reconcile.d/90-calico-apply",,,"999656","bWFzdGVyOjI0MzEyMjgyNTg0NTAyOTU6OTk5NjU2","bWFzdGVyOjI0MzEyMjgxOTM0NTUxMjI6OTk5NjU0","{""string_arg"":""/snap/microk8s/9072/usr/sbin/bash"",""label"":""filename""}"
"2026-08-24T18:38:14.222516983Z","master","falco-ref-run-shell-untrusted","__x64_sys_execve","/var/snap/microk8s/common/hooks/reconcile.d/90-calico-apply","bash /var/snap/microk8s/common/hooks/reconcile.d/90-calico-apply",,,"999656","bWFzdGVyOjI0MzEyMjgyNTg0NTAyOTU6OTk5NjU2","bWFzdGVyOjI0MzEyMjgxOTM0NTUxMjI6OTk5NjU0","{""string_arg"":""/snap/microk8s/9072/sbin/bash"",""label"":""filename""}"
"2026-08-24T18:38:14.222573383Z","master","falco-ref-run-shell-untrusted","__x64_sys_execve","/var/snap/microk8s/common/hooks/reconcile.d/90-calico-apply","bash /var/snap/microk8s/common/hooks/reconcile.d/90-calico-apply",,,"999656","bWFzdGVyOjI0MzEyMjgyNTg0NTAyOTU6OTk5NjU2","bWFzdGVyOjI0MzEyMjgxOTM0NTUxMjI6OTk5NjU0","{""string_arg"":""/usr/local/sbin/bash"",""label"":""filename""}"
"2026-08-24T18:38:14.222654782Z","master","falco-ref-run-shell-untrusted","__x64_sys_execve","/var/snap/microk8s/common/hooks/reconcile.d/90-calico-apply","bash /var/snap/microk8s/common/hooks/reconcile.d/90-calico-apply",,,"999656","bWFzdGVyOjI0MzEyMjgyNTg0NTAyOTU6OTk5NjU2","bWFzdGVyOjI0MzEyMjgxOTM0NTUxMjI6OTk5NjU0","{""string_arg"":""/usr/local/bin/bash"",""label"":""filename""}"
"2026-08-24T18:38:14.222618193Z","master","falco-ref-run-shell-untrusted","__x64_sys_execve","/var/snap/microk8s/common/hooks/reconcile.d/90-calico-apply","bash /var/snap/microk8s/common/hooks/reconcile.d/90-calico-apply",,,"999656","bWFzdGVyOjI0MzEyMjgyNTg0NTAyOTU6OTk5NjU2","bWFzdGVyOjI0MzEyMjgxOTM0NTUxMjI6OTk5NjU0","{""string_arg"":""/usr/sbin/bash"",""label"":""filename""}"
"2026-08-24T18:38:14.222599033Z","master","falco-ref-run-shell-untrusted","__x64_sys_execve","/var/snap/microk8s/common/hooks/reconcile.d/90-calico-apply","bash /var/snap/microk8s/common/hooks/reconcile.d/90-calico-apply",,,"999656","bWFzdGVyOjI0MzEyMjgyNTg0NTAyOTU6OTk5NjU2","bWFzdGVyOjI0MzEyMjgxOTM0NTUxMjI6OTk5NjU0","{""string_arg"":""/usr/bin/bash"",""label"":""filename""}"
"2026-08-24T18:38:14.249639671Z","master","falco-ref-aws-credential-search","__x64_sys_execve","/usr/bin/bash","/snap/microk8s/9072/apiservice-kicker",,,"999660","bWFzdGVyOjI0MzEyMjgyODgwNTY3MzA6OTk5NjYw","bWFzdGVyOjE0MTQ1ODk3MDAwMDAwMDoyMjU4ODc1","{""string_arg"":""/snap/microk8s/9072/bin/grep"",""label"":""filename""}"
"2026-08-24T18:38:14.249677051Z","master","falco-ref-private-key-search","__x64_sys_execve","/usr/bin/bash","/snap/microk8s/9072/apiservice-kicker",,,"999660","bWFzdGVyOjI0MzEyMjgyODgwNTY3MzA6OTk5NjYw","bWFzdGVyOjE0MTQ1ODk3MDAwMDAwMDoyMjU4ODc1","{""string_arg"":""/snap/microk8s/9072/bin/grep"",""label"":""filename""}"
"2026-08-24T18:38:19.280726295Z","master","falco-ref-aws-credential-search","__x64_sys_execve","/usr/bin/bash","/snap/microk8s/9072/apiservice-kicker",,,"999719","bWFzdGVyOjI0MzEyMzMzMTkzMDE3NzQ6OTk5NzE5","bWFzdGVyOjE0MTQ1ODk3MDAwMDAwMDoyMjU4ODc1","{""string_arg"":""/snap/microk8s/9072/bin/grep"",""label"":""filename""}"
"2026-08-24T18:38:19.280767845Z","master","falco-ref-private-key-search","__x64_sys_execve","/usr/bin/bash","/snap/microk8s/9072/apiservice-kicker",,,"999719","bWFzdGVyOjI0MzEyMzMzMTkzMDE3NzQ6OTk5NzE5","bWFzdGVyOjE0MTQ1ODk3MDAwMDAwMDoyMjU4ODc1","{""string_arg"":""/snap/microk8s/9072/bin/grep"",""label"":""filename""}"
"2026-08-24T18:38:19.316041754Z","master","falco-ref-run-shell-untrusted","__x64_sys_execve","/snap/microk8s/9072/openssl.wrapper","bash /snap/microk8s/9072/openssl.wrapper verify -no-CAfile -no-CApath -partial_chain -trusted /var/snap/microk8s/9072/certs/ca.crt /var/snap/microk8s/9072/certs/server.crt",,,"999727","bWFzdGVyOjI0MzEyMzMzNDkyMDcxODk6OTk5NzI3","bWFzdGVyOjI0MzEyMzMzNDc0MDgzNTE6OTk5NzI2","{""string_arg"":""/snap/microk8s/9072/usr/bin/bash"",""label"":""filename""}"
"2026-08-24T18:38:19.316115014Z","master","falco-ref-run-shell-untrusted","__x64_sys_execve","/snap/microk8s/9072/openssl.wrapper","bash /snap/microk8s/9072/openssl.wrapper verify -no-CAfile -no-CApath -partial_chain -trusted /var/snap/microk8s/9072/certs/ca.crt /var/snap/microk8s/9072/certs/server.crt",,,"999727","bWFzdGVyOjI0MzEyMzMzNDkyMDcxODk6OTk5NzI3","bWFzdGVyOjI0MzEyMzMzNDc0MDgzNTE6OTk5NzI2","{""string_arg"":""/snap/microk8s/9072/bin/bash"",""label"":""filename""}"
"2026-08-24T18:38:19.316145054Z","master","falco-ref-run-shell-untrusted","__x64_sys_execve","/snap/microk8s/9072/openssl.wrapper","bash /snap/microk8s/9072/openssl.wrapper verify -no-CAfile -no-CApath -partial_chain -trusted /var/snap/microk8s/9072/certs/ca.crt /var/snap/microk8s/9072/certs/server.crt",,,"999727","bWFzdGVyOjI0MzEyMzMzNDkyMDcxODk6OTk5NzI3","bWFzdGVyOjI0MzEyMzMzNDc0MDgzNTE6OTk5NzI2","{""string_arg"":""/snap/microk8s/9072/usr/sbin/bash"",""label"":""filename""}"
"2026-08-24T18:38:19.316188324Z","master","falco-ref-run-shell-untrusted","__x64_sys_execve","/snap/microk8s/9072/openssl.wrapper","bash /snap/microk8s/9072/openssl.wrapper verify -no-CAfile -no-CApath -partial_chain -trusted /var/snap/microk8s/9072/certs/ca.crt /var/snap/microk8s/9072/certs/server.crt",,,"999727","bWFzdGVyOjI0MzEyMzMzNDkyMDcxODk6OTk5NzI3","bWFzdGVyOjI0MzEyMzMzNDc0MDgzNTE6OTk5NzI2","{""string_arg"":""/snap/microk8s/9072/sbin/bash"",""label"":""filename""}"
"2026-08-24T18:38:19.316239023Z","master","falco-ref-run-shell-untrusted","__x64_sys_execve","/snap/microk8s/9072/openssl.wrapper","bash /snap/microk8s/9072/openssl.wrapper verify -no-CAfile -no-CApath -partial_chain -trusted /var/snap/microk8s/9072/certs/ca.crt /var/snap/microk8s/9072/certs/server.crt",,,"999727","bWFzdGVyOjI0MzEyMzMzNDkyMDcxODk6OTk5NzI3","bWFzdGVyOjI0MzEyMzMzNDc0MDgzNTE6OTk5NzI2","{""string_arg"":""/usr/local/sbin/bash"",""label"":""filename""}"
"2026-08-24T18:38:19.316281853Z","master","falco-ref-run-shell-untrusted","__x64_sys_execve","/snap/microk8s/9072/openssl.wrapper","bash /snap/microk8s/9072/openssl.wrapper verify -no-CAfile -no-CApath -partial_chain -trusted /var/snap/microk8s/9072/certs/ca.crt /var/snap/microk8s/9072/certs/server.crt",,,"999727","bWFzdGVyOjI0MzEyMzMzNDkyMDcxODk6OTk5NzI3","bWFzdGVyOjI0MzEyMzMzNDc0MDgzNTE6OTk5NzI2","{""string_arg"":""/usr/local/bin/bash"",""label"":""filename""}"
"2026-08-24T18:38:19.316323413Z","master","falco-ref-run-shell-untrusted","__x64_sys_execve","/snap/microk8s/9072/openssl.wrapper","bash /snap/microk8s/9072/openssl.wrapper verify -no-CAfile -no-CApath -partial_chain -trusted /var/snap/microk8s/9072/certs/ca.crt /var/snap/microk8s/9072/certs/server.crt",,,"999727","bWFzdGVyOjI0MzEyMzMzNDkyMDcxODk6OTk5NzI3","bWFzdGVyOjI0MzEyMzMzNDc0MDgzNTE6OTk5NzI2","{""string_arg"":""/usr/sbin/bash"",""label"":""filename""}"
"2026-08-24T18:38:19.316364163Z","master","falco-ref-run-shell-untrusted","__x64_sys_execve","/snap/microk8s/9072/openssl.wrapper","bash /snap/microk8s/9072/openssl.wrapper verify -no-CAfile -no-CApath -partial_chain -trusted /var/snap/microk8s/9072/certs/ca.crt /var/snap/microk8s/9072/certs/server.crt",,,"999727","bWFzdGVyOjI0MzEyMzMzNDkyMDcxODk6OTk5NzI3","bWFzdGVyOjI0MzEyMzMzNDc0MDgzNTE6OTk5NzI2","{""string_arg"":""/usr/bin/bash"",""label"":""filename""}"
"2026-08-24T18:38:19.420527440Z","master","falco-ref-run-shell-untrusted","__x64_sys_execve","/var/snap/microk8s/common/hooks/reconcile.d/90-calico-apply","bash /var/snap/microk8s/common/hooks/reconcile.d/90-calico-apply",,,"999733","bWFzdGVyOjI0MzEyMzM0NTM2NzMxODY6OTk5NzMz","bWFzdGVyOjI0MzEyMzMzNzcyNjQyNzU6OTk5NzMx","{""string_arg"":""/snap/microk8s/9072/usr/bin/bash"",""label"":""filename""}"
"2026-08-24T18:38:19.420585440Z","master","falco-ref-run-shell-untrusted","__x64_sys_execve","/var/snap/microk8s/common/hooks/reconcile.d/90-calico-apply","bash /var/snap/microk8s/common/hooks/reconcile.d/90-calico-apply",,,"999733","bWFzdGVyOjI0MzEyMzM0NTM2NzMxODY6OTk5NzMz","bWFzdGVyOjI0MzEyMzMzNzcyNjQyNzU6OTk5NzMx","{""string_arg"":""/snap/microk8s/9072/bin/bash"",""label"":""filename""}"
"2026-08-24T18:38:19.420638770Z","master","falco-ref-run-shell-untrusted","__x64_sys_execve","/var/snap/microk8s/common/hooks/reconcile.d/90-calico-apply","bash /var/snap/microk8s/common/hooks/reconcile.d/90-calico-apply",,,"999733","bWFzdGVyOjI0MzEyMzM0NTM2NzMxODY6OTk5NzMz","bWFzdGVyOjI0MzEyMzMzNzcyNjQyNzU6OTk5NzMx","{""string_arg"":""/snap/microk8s/9072/usr/sbin/bash"",""label"":""filename""}"
"2026-08-24T18:38:19.420681380Z","master","falco-ref-run-shell-untrusted","__x64_sys_execve","/var/snap/microk8s/common/hooks/reconcile.d/90-calico-apply","bash /var/snap/microk8s/common/hooks/reconcile.d/90-calico-apply",,,"999733","bWFzdGVyOjI0MzEyMzM0NTM2NzMxODY6OTk5NzMz","bWFzdGVyOjI0MzEyMzMzNzcyNjQyNzU6OTk5NzMx","{""string_arg"":""/snap/microk8s/9072/sbin/bash"",""label"":""filename""}"
"2026-08-24T18:38:19.420722080Z","master","falco-ref-run-shell-untrusted","__x64_sys_execve","/var/snap/microk8s/common/hooks/reconcile.d/90-calico-apply","bash /var/snap/microk8s/common/hooks/reconcile.d/90-calico-apply",,,"999733","bWFzdGVyOjI0MzEyMzM0NTM2NzMxODY6OTk5NzMz","bWFzdGVyOjI0MzEyMzMzNzcyNjQyNzU6OTk5NzMx","{""string_arg"":""/usr/local/sbin/bash"",""label"":""filename""}"
"2026-08-24T18:38:19.420760199Z","master","falco-ref-run-shell-untrusted","__x64_sys_execve","/var/snap/microk8s/common/hooks/reconcile.d/90-calico-apply","bash /var/snap/microk8s/common/hooks/reconcile.d/90-calico-apply",,,"999733","bWFzdGVyOjI0MzEyMzM0NTM2NzMxODY6OTk5NzMz","bWFzdGVyOjI0MzEyMzMzNzcyNjQyNzU6OTk5NzMx","{""string_arg"":""/usr/local/bin/bash"",""label"":""filename""}"
"2026-08-24T18:38:19.420788589Z","master","falco-ref-run-shell-untrusted","__x64_sys_execve","/var/snap/microk8s/common/hooks/reconcile.d/90-calico-apply","bash /var/snap/microk8s/common/hooks/reconcile.d/90-calico-apply",,,"999733","bWFzdGVyOjI0MzEyMzM0NTM2NzMxODY6OTk5NzMz","bWFzdGVyOjI0MzEyMzMzNzcyNjQyNzU6OTk5NzMx","{""string_arg"":""/usr/sbin/bash"",""label"":""filename""}"
"2026-08-24T18:38:19.420829180Z","master","falco-ref-run-shell-untrusted","__x64_sys_execve","/var/snap/microk8s/common/hooks/reconcile.d/90-calico-apply","bash /var/snap/microk8s/common/hooks/reconcile.d/90-calico-apply",,,"999733","bWFzdGVyOjI0MzEyMzM0NTM2NzMxODY6OTk5NzMz","bWFzdGVyOjI0MzEyMzMzNzcyNjQyNzU6OTk5NzMx","{""string_arg"":""/usr/bin/bash"",""label"":""filename""}"
"2026-08-24T18:38:19.461389792Z","master","falco-ref-aws-credential-search","__x64_sys_execve","/usr/bin/bash","/snap/microk8s/9072/apiservice-kicker",,,"999737","bWFzdGVyOjI0MzEyMzM0OTkzMDAxMDI6OTk5NzM3","bWFzdGVyOjE0MTQ1ODk3MDAwMDAwMDoyMjU4ODc1","{""string_arg"":""/snap/microk8s/9072/bin/grep"",""label"":""filename""}"
"2026-08-24T18:38:19.461437872Z","master","falco-ref-private-key-search","__x64_sys_execve","/usr/bin/bash","/snap/microk8s/9072/apiservice-kicker",,,"999737","bWFzdGVyOjI0MzEyMzM0OTkzMDAxMDI6OTk5NzM3","bWFzdGVyOjE0MTQ1ODk3MDAwMDAwMDoyMjU4ODc1","{""string_arg"":""/snap/microk8s/9072/bin/grep"",""label"":""filename""}"
